ISO-10303-21;
HEADER;
/* Generated by software containing ST-Developer
 * from STEP Tools, Inc. (www.steptools.com) 
 */

FILE_DESCRIPTION(
/* description */ (''),
/* implementation_level */ '2;1');

FILE_NAME(
/* name */ 'nosso_chassiborrachudo.step',
/* time_stamp */ '2026-09-26T23:45:19-03:00',
/* author */ (''),
/* organization */ (''),
/* preprocessor_version */ 'ST-DEVELOPER v20.2',
/* originating_system */ 'Autodesk Translation Framework v15.15.0.0',
/* authorisation */ '');

FILE_SCHEMA (('AUTOMOTIVE_DESIGN { 1 0 10303 214 3 1 1 }'));
ENDSEC;

DATA;
#10=MECHANICAL_DESIGN_GEOMETRIC_PRESENTATION_REPRESENTATION('',(#13),#5153);
#11=SHAPE_REPRESENTATION_RELATIONSHIP('SRR','None',#5160,#12);
#12=ADVANCED_BREP_SHAPE_REPRESENTATION('',(#14),#5152);
#13=STYLED_ITEM('',(#5169),#14);
#14=MANIFOLD_SOLID_BREP('Body1',#3245);
#15=CYLINDRICAL_SURFACE('',#3405,1.75000000000001);
#16=CYLINDRICAL_SURFACE('',#3408,1.75);
#17=CYLINDRICAL_SURFACE('',#3411,1.75000000000001);
#18=CYLINDRICAL_SURFACE('',#3414,1.75);
#19=CYLINDRICAL_SURFACE('',#3417,1.54999999999999);
#20=CYLINDRICAL_SURFACE('',#3421,1.54999999999999);
#21=CYLINDRICAL_SURFACE('',#3431,10.);
#22=CYLINDRICAL_SURFACE('',#3433,10.);
#23=FACE_BOUND('',#298,.T.);
#24=FACE_BOUND('',#299,.T.);
#25=FACE_BOUND('',#300,.T.);
#26=FACE_BOUND('',#301,.T.);
#27=FACE_BOUND('',#302,.T.);
#28=FACE_BOUND('',#383,.T.);
#29=FACE_BOUND('',#385,.T.);
#30=FACE_BOUND('',#387,.T.);
#31=FACE_BOUND('',#388,.T.);
#32=FACE_BOUND('',#394,.T.);
#33=FACE_BOUND('',#400,.T.);
#34=FACE_BOUND('',#401,.T.);
#35=FACE_BOUND('',#402,.T.);
#36=FACE_BOUND('',#403,.T.);
#37=FACE_BOUND('',#404,.T.);
#38=FACE_BOUND('',#406,.T.);
#39=FACE_BOUND('',#407,.T.);
#40=FACE_BOUND('',#408,.T.);
#41=FACE_BOUND('',#409,.T.);
#42=FACE_BOUND('',#410,.T.);
#43=CIRCLE('',#3332,10.);
#44=CIRCLE('',#3333,10.);
#45=CIRCLE('',#3334,1.75);
#46=CIRCLE('',#3335,1.75000000000001);
#47=CIRCLE('',#3336,1.75);
#48=CIRCLE('',#3337,1.75000000000001);
#49=CIRCLE('',#3406,1.75000000000001);
#50=CIRCLE('',#3409,1.75);
#51=CIRCLE('',#3412,1.75000000000001);
#52=CIRCLE('',#3415,1.75);
#53=CIRCLE('',#3418,1.54999999999999);
#54=CIRCLE('',#3419,1.54999999999999);
#55=CIRCLE('',#3422,1.54999999999999);
#56=CIRCLE('',#3423,1.54999999999999);
#57=CIRCLE('',#3428,10.);
#58=CIRCLE('',#3429,10.);
#59=FACE_OUTER_BOUND('',#225,.T.);
#60=FACE_OUTER_BOUND('',#226,.T.);
#61=FACE_OUTER_BOUND('',#227,.T.);
#62=FACE_OUTER_BOUND('',#228,.T.);
#63=FACE_OUTER_BOUND('',#229,.T.);
#64=FACE_OUTER_BOUND('',#230,.T.);
#65=FACE_OUTER_BOUND('',#231,.T.);
#66=FACE_OUTER_BOUND('',#232,.T.);
#67=FACE_OUTER_BOUND('',#233,.T.);
#68=FACE_OUTER_BOUND('',#234,.T.);
#69=FACE_OUTER_BOUND('',#235,.T.);
#70=FACE_OUTER_BOUND('',#236,.T.);
#71=FACE_OUTER_BOUND('',#237,.T.);
#72=FACE_OUTER_BOUND('',#238,.T.);
#73=FACE_OUTER_BOUND('',#239,.T.);
#74=FACE_OUTER_BOUND('',#240,.T.);
#75=FACE_OUTER_BOUND('',#241,.T.);
#76=FACE_OUTER_BOUND('',#242,.T.);
#77=FACE_OUTER_BOUND('',#243,.T.);
#78=FACE_OUTER_BOUND('',#244,.T.);
#79=FACE_OUTER_BOUND('',#245,.T.);
#80=FACE_OUTER_BOUND('',#246,.T.);
#81=FACE_OUTER_BOUND('',#247,.T.);
#82=FACE_OUTER_BOUND('',#248,.T.);
#83=FACE_OUTER_BOUND('',#249,.T.);
#84=FACE_OUTER_BOUND('',#250,.T.);
#85=FACE_OUTER_BOUND('',#251,.T.);
#86=FACE_OUTER_BOUND('',#252,.T.);
#87=FACE_OUTER_BOUND('',#253,.T.);
#88=FACE_OUTER_BOUND('',#254,.T.);
#89=FACE_OUTER_BOUND('',#255,.T.);
#90=FACE_OUTER_BOUND('',#256,.T.);
#91=FACE_OUTER_BOUND('',#257,.T.);
#92=FACE_OUTER_BOUND('',#258,.T.);
#93=FACE_OUTER_BOUND('',#259,.T.);
#94=FACE_OUTER_BOUND('',#260,.T.);
#95=FACE_OUTER_BOUND('',#261,.T.);
#96=FACE_OUTER_BOUND('',#262,.T.);
#97=FACE_OUTER_BOUND('',#263,.T.);
#98=FACE_OUTER_BOUND('',#264,.T.);
#99=FACE_OUTER_BOUND('',#265,.T.);
#100=FACE_OUTER_BOUND('',#266,.T.);
#101=FACE_OUTER_BOUND('',#267,.T.);
#102=FACE_OUTER_BOUND('',#268,.T.);
#103=FACE_OUTER_BOUND('',#269,.T.);
#104=FACE_OUTER_BOUND('',#270,.T.);
#105=FACE_OUTER_BOUND('',#271,.T.);
#106=FACE_OUTER_BOUND('',#272,.T.);
#107=FACE_OUTER_BOUND('',#273,.T.);
#108=FACE_OUTER_BOUND('',#274,.T.);
#109=FACE_OUTER_BOUND('',#275,.T.);
#110=FACE_OUTER_BOUND('',#276,.T.);
#111=FACE_OUTER_BOUND('',#277,.T.);
#112=FACE_OUTER_BOUND('',#278,.T.);
#113=FACE_OUTER_BOUND('',#279,.T.);
#114=FACE_OUTER_BOUND('',#280,.T.);
#115=FACE_OUTER_BOUND('',#281,.T.);
#116=FACE_OUTER_BOUND('',#282,.T.);
#117=FACE_OUTER_BOUND('',#283,.T.);
#118=FACE_OUTER_BOUND('',#284,.T.);
#119=FACE_OUTER_BOUND('',#285,.T.);
#120=FACE_OUTER_BOUND('',#286,.T.);
#121=FACE_OUTER_BOUND('',#287,.T.);
#122=FACE_OUTER_BOUND('',#288,.T.);
#123=FACE_OUTER_BOUND('',#289,.T.);
#124=FACE_OUTER_BOUND('',#290,.T.);
#125=FACE_OUTER_BOUND('',#291,.T.);
#126=FACE_OUTER_BOUND('',#292,.T.);
#127=FACE_OUTER_BOUND('',#293,.T.);
#128=FACE_OUTER_BOUND('',#294,.T.);
#129=FACE_OUTER_BOUND('',#295,.T.);
#130=FACE_OUTER_BOUND('',#296,.T.);
#131=FACE_OUTER_BOUND('',#297,.T.);
#132=FACE_OUTER_BOUND('',#303,.T.);
#133=FACE_OUTER_BOUND('',#304,.T.);
#134=FACE_OUTER_BOUND('',#305,.T.);
#135=FACE_OUTER_BOUND('',#306,.T.);
#136=FACE_OUTER_BOUND('',#307,.T.);
#137=FACE_OUTER_BOUND('',#308,.T.);
#138=FACE_OUTER_BOUND('',#309,.T.);
#139=FACE_OUTER_BOUND('',#310,.T.);
#140=FACE_OUTER_BOUND('',#311,.T.);
#141=FACE_OUTER_BOUND('',#312,.T.);
#142=FACE_OUTER_BOUND('',#313,.T.);
#143=FACE_OUTER_BOUND('',#314,.T.);
#144=FACE_OUTER_BOUND('',#315,.T.);
#145=FACE_OUTER_BOUND('',#316,.T.);
#146=FACE_OUTER_BOUND('',#317,.T.);
#147=FACE_OUTER_BOUND('',#318,.T.);
#148=FACE_OUTER_BOUND('',#319,.T.);
#149=FACE_OUTER_BOUND('',#320,.T.);
#150=FACE_OUTER_BOUND('',#321,.T.);
#151=FACE_OUTER_BOUND('',#322,.T.);
#152=FACE_OUTER_BOUND('',#323,.T.);
#153=FACE_OUTER_BOUND('',#324,.T.);
#154=FACE_OUTER_BOUND('',#325,.T.);
#155=FACE_OUTER_BOUND('',#326,.T.);
#156=FACE_OUTER_BOUND('',#327,.T.);
#157=FACE_OUTER_BOUND('',#328,.T.);
#158=FACE_OUTER_BOUND('',#329,.T.);
#159=FACE_OUTER_BOUND('',#330,.T.);
#160=FACE_OUTER_BOUND('',#331,.T.);
#161=FACE_OUTER_BOUND('',#332,.T.);
#162=FACE_OUTER_BOUND('',#333,.T.);
#163=FACE_OUTER_BOUND('',#334,.T.);
#164=FACE_OUTER_BOUND('',#335,.T.);
#165=FACE_OUTER_BOUND('',#336,.T.);
#166=FACE_OUTER_BOUND('',#337,.T.);
#167=FACE_OUTER_BOUND('',#338,.T.);
#168=FACE_OUTER_BOUND('',#339,.T.);
#169=FACE_OUTER_BOUND('',#340,.T.);
#170=FACE_OUTER_BOUND('',#341,.T.);
#171=FACE_OUTER_BOUND('',#342,.T.);
#172=FACE_OUTER_BOUND('',#343,.T.);
#173=FACE_OUTER_BOUND('',#344,.T.);
#174=FACE_OUTER_BOUND('',#345,.T.);
#175=FACE_OUTER_BOUND('',#346,.T.);
#176=FACE_OUTER_BOUND('',#347,.T.);
#177=FACE_OUTER_BOUND('',#348,.T.);
#178=FACE_OUTER_BOUND('',#349,.T.);
#179=FACE_OUTER_BOUND('',#350,.T.);
#180=FACE_OUTER_BOUND('',#351,.T.);
#181=FACE_OUTER_BOUND('',#352,.T.);
#182=FACE_OUTER_BOUND('',#353,.T.);
#183=FACE_OUTER_BOUND('',#354,.T.);
#184=FACE_OUTER_BOUND('',#355,.T.);
#185=FACE_OUTER_BOUND('',#356,.T.);
#186=FACE_OUTER_BOUND('',#357,.T.);
#187=FACE_OUTER_BOUND('',#358,.T.);
#188=FACE_OUTER_BOUND('',#359,.T.);
#189=FACE_OUTER_BOUND('',#360,.T.);
#190=FACE_OUTER_BOUND('',#361,.T.);
#191=FACE_OUTER_BOUND('',#362,.T.);
#192=FACE_OUTER_BOUND('',#363,.T.);
#193=FACE_OUTER_BOUND('',#364,.T.);
#194=FACE_OUTER_BOUND('',#365,.T.);
#195=FACE_OUTER_BOUND('',#366,.T.);
#196=FACE_OUTER_BOUND('',#367,.T.);
#197=FACE_OUTER_BOUND('',#368,.T.);
#198=FACE_OUTER_BOUND('',#369,.T.);
#199=FACE_OUTER_BOUND('',#370,.T.);
#200=FACE_OUTER_BOUND('',#371,.T.);
#201=FACE_OUTER_BOUND('',#372,.T.);
#202=FACE_OUTER_BOUND('',#373,.T.);
#203=FACE_OUTER_BOUND('',#374,.T.);
#204=FACE_OUTER_BOUND('',#375,.T.);
#205=FACE_OUTER_BOUND('',#376,.T.);
#206=FACE_OUTER_BOUND('',#377,.T.);
#207=FACE_OUTER_BOUND('',#378,.T.);
#208=FACE_OUTER_BOUND('',#379,.T.);
#209=FACE_OUTER_BOUND('',#380,.T.);
#210=FACE_OUTER_BOUND('',#381,.T.);
#211=FACE_OUTER_BOUND('',#382,.T.);
#212=FACE_OUTER_BOUND('',#384,.T.);
#213=FACE_OUTER_BOUND('',#386,.T.);
#214=FACE_OUTER_BOUND('',#389,.T.);
#215=FACE_OUTER_BOUND('',#390,.T.);
#216=FACE_OUTER_BOUND('',#391,.T.);
#217=FACE_OUTER_BOUND('',#392,.T.);
#218=FACE_OUTER_BOUND('',#393,.T.);
#219=FACE_OUTER_BOUND('',#395,.T.);
#220=FACE_OUTER_BOUND('',#396,.T.);
#221=FACE_OUTER_BOUND('',#397,.T.);
#222=FACE_OUTER_BOUND('',#398,.T.);
#223=FACE_OUTER_BOUND('',#399,.T.);
#224=FACE_OUTER_BOUND('',#405,.T.);
#225=EDGE_LOOP('',(#2021,#2022,#2023,#2024));
#226=EDGE_LOOP('',(#2025,#2026,#2027,#2028));
#227=EDGE_LOOP('',(#2029,#2030,#2031,#2032));
#228=EDGE_LOOP('',(#2033,#2034,#2035,#2036));
#229=EDGE_LOOP('',(#2037,#2038,#2039,#2040));
#230=EDGE_LOOP('',(#2041,#2042,#2043,#2044));
#231=EDGE_LOOP('',(#2045,#2046,#2047,#2048));
#232=EDGE_LOOP('',(#2049,#2050,#2051,#2052));
#233=EDGE_LOOP('',(#2053,#2054,#2055,#2056,#2057,#2058,#2059,#2060,#2061,
#2062,#2063,#2064));
#234=EDGE_LOOP('',(#2065,#2066,#2067,#2068));
#235=EDGE_LOOP('',(#2069,#2070,#2071,#2072));
#236=EDGE_LOOP('',(#2073,#2074,#2075,#2076));
#237=EDGE_LOOP('',(#2077,#2078,#2079,#2080));
#238=EDGE_LOOP('',(#2081,#2082,#2083,#2084));
#239=EDGE_LOOP('',(#2085,#2086,#2087,#2088));
#240=EDGE_LOOP('',(#2089,#2090,#2091,#2092));
#241=EDGE_LOOP('',(#2093,#2094,#2095,#2096));
#242=EDGE_LOOP('',(#2097,#2098,#2099,#2100));
#243=EDGE_LOOP('',(#2101,#2102,#2103,#2104));
#244=EDGE_LOOP('',(#2105,#2106,#2107,#2108));
#245=EDGE_LOOP('',(#2109,#2110,#2111,#2112));
#246=EDGE_LOOP('',(#2113,#2114,#2115,#2116));
#247=EDGE_LOOP('',(#2117,#2118,#2119,#2120));
#248=EDGE_LOOP('',(#2121,#2122,#2123,#2124));
#249=EDGE_LOOP('',(#2125,#2126,#2127,#2128));
#250=EDGE_LOOP('',(#2129,#2130,#2131,#2132,#2133,#2134,#2135,#2136));
#251=EDGE_LOOP('',(#2137,#2138,#2139,#2140));
#252=EDGE_LOOP('',(#2141,#2142,#2143,#2144));
#253=EDGE_LOOP('',(#2145,#2146,#2147,#2148));
#254=EDGE_LOOP('',(#2149,#2150,#2151,#2152));
#255=EDGE_LOOP('',(#2153,#2154,#2155,#2156));
#256=EDGE_LOOP('',(#2157,#2158,#2159,#2160));
#257=EDGE_LOOP('',(#2161,#2162,#2163,#2164,#2165,#2166,#2167,#2168));
#258=EDGE_LOOP('',(#2169,#2170,#2171,#2172));
#259=EDGE_LOOP('',(#2173,#2174,#2175,#2176,#2177,#2178,#2179,#2180));
#260=EDGE_LOOP('',(#2181,#2182,#2183,#2184));
#261=EDGE_LOOP('',(#2185,#2186,#2187,#2188));
#262=EDGE_LOOP('',(#2189,#2190,#2191,#2192));
#263=EDGE_LOOP('',(#2193,#2194,#2195,#2196));
#264=EDGE_LOOP('',(#2197,#2198,#2199,#2200));
#265=EDGE_LOOP('',(#2201,#2202,#2203,#2204));
#266=EDGE_LOOP('',(#2205,#2206,#2207,#2208,#2209,#2210,#2211,#2212));
#267=EDGE_LOOP('',(#2213,#2214,#2215,#2216));
#268=EDGE_LOOP('',(#2217,#2218,#2219,#2220));
#269=EDGE_LOOP('',(#2221,#2222,#2223,#2224));
#270=EDGE_LOOP('',(#2225,#2226,#2227,#2228));
#271=EDGE_LOOP('',(#2229,#2230,#2231,#2232));
#272=EDGE_LOOP('',(#2233,#2234,#2235,#2236));
#273=EDGE_LOOP('',(#2237,#2238,#2239,#2240));
#274=EDGE_LOOP('',(#2241,#2242,#2243,#2244));
#275=EDGE_LOOP('',(#2245,#2246,#2247,#2248,#2249,#2250,#2251,#2252));
#276=EDGE_LOOP('',(#2253,#2254,#2255,#2256,#2257,#2258,#2259,#2260));
#277=EDGE_LOOP('',(#2261,#2262,#2263,#2264));
#278=EDGE_LOOP('',(#2265,#2266,#2267,#2268));
#279=EDGE_LOOP('',(#2269,#2270,#2271,#2272));
#280=EDGE_LOOP('',(#2273,#2274,#2275,#2276));
#281=EDGE_LOOP('',(#2277,#2278,#2279,#2280));
#282=EDGE_LOOP('',(#2281,#2282,#2283,#2284,#2285,#2286,#2287,#2288));
#283=EDGE_LOOP('',(#2289,#2290,#2291,#2292));
#284=EDGE_LOOP('',(#2293,#2294,#2295,#2296));
#285=EDGE_LOOP('',(#2297,#2298,#2299,#2300));
#286=EDGE_LOOP('',(#2301,#2302,#2303,#2304));
#287=EDGE_LOOP('',(#2305,#2306,#2307,#2308));
#288=EDGE_LOOP('',(#2309,#2310,#2311,#2312,#2313,#2314,#2315,#2316));
#289=EDGE_LOOP('',(#2317,#2318,#2319,#2320));
#290=EDGE_LOOP('',(#2321,#2322,#2323,#2324));
#291=EDGE_LOOP('',(#2325,#2326,#2327,#2328,#2329,#2330,#2331,#2332));
#292=EDGE_LOOP('',(#2333,#2334,#2335,#2336));
#293=EDGE_LOOP('',(#2337,#2338,#2339,#2340));
#294=EDGE_LOOP('',(#2341,#2342,#2343,#2344));
#295=EDGE_LOOP('',(#2345,#2346,#2347,#2348));
#296=EDGE_LOOP('',(#2349,#2350,#2351,#2352,#2353,#2354,#2355,#2356));
#297=EDGE_LOOP('',(#2357,#2358,#2359,#2360,#2361,#2362,#2363,#2364,#2365,
#2366,#2367,#2368,#2369,#2370,#2371,#2372,#2373,#2374));
#298=EDGE_LOOP('',(#2375));
#299=EDGE_LOOP('',(#2376));
#300=EDGE_LOOP('',(#2377));
#301=EDGE_LOOP('',(#2378));
#302=EDGE_LOOP('',(#2379,#2380,#2381,#2382,#2383,#2384,#2385,#2386,#2387,
#2388,#2389,#2390));
#303=EDGE_LOOP('',(#2391,#2392,#2393,#2394));
#304=EDGE_LOOP('',(#2395,#2396,#2397,#2398));
#305=EDGE_LOOP('',(#2399,#2400,#2401,#2402));
#306=EDGE_LOOP('',(#2403,#2404,#2405,#2406));
#307=EDGE_LOOP('',(#2407,#2408,#2409,#2410));
#308=EDGE_LOOP('',(#2411,#2412,#2413,#2414,#2415,#2416,#2417,#2418));
#309=EDGE_LOOP('',(#2419,#2420,#2421,#2422));
#310=EDGE_LOOP('',(#2423,#2424,#2425,#2426));
#311=EDGE_LOOP('',(#2427,#2428,#2429,#2430));
#312=EDGE_LOOP('',(#2431,#2432,#2433,#2434));
#313=EDGE_LOOP('',(#2435,#2436,#2437,#2438,#2439,#2440,#2441,#2442));
#314=EDGE_LOOP('',(#2443,#2444,#2445,#2446));
#315=EDGE_LOOP('',(#2447,#2448,#2449,#2450));
#316=EDGE_LOOP('',(#2451,#2452,#2453,#2454));
#317=EDGE_LOOP('',(#2455,#2456,#2457,#2458,#2459,#2460,#2461,#2462));
#318=EDGE_LOOP('',(#2463,#2464,#2465,#2466));
#319=EDGE_LOOP('',(#2467,#2468,#2469,#2470));
#320=EDGE_LOOP('',(#2471,#2472,#2473,#2474));
#321=EDGE_LOOP('',(#2475,#2476,#2477,#2478));
#322=EDGE_LOOP('',(#2479,#2480,#2481,#2482,#2483,#2484,#2485,#2486));
#323=EDGE_LOOP('',(#2487,#2488,#2489,#2490));
#324=EDGE_LOOP('',(#2491,#2492,#2493,#2494));
#325=EDGE_LOOP('',(#2495,#2496,#2497,#2498));
#326=EDGE_LOOP('',(#2499,#2500,#2501,#2502));
#327=EDGE_LOOP('',(#2503,#2504,#2505,#2506));
#328=EDGE_LOOP('',(#2507,#2508,#2509,#2510));
#329=EDGE_LOOP('',(#2511,#2512,#2513,#2514));
#330=EDGE_LOOP('',(#2515,#2516,#2517,#2518));
#331=EDGE_LOOP('',(#2519,#2520,#2521,#2522,#2523,#2524,#2525,#2526));
#332=EDGE_LOOP('',(#2527,#2528,#2529,#2530,#2531,#2532,#2533,#2534));
#333=EDGE_LOOP('',(#2535,#2536,#2537,#2538));
#334=EDGE_LOOP('',(#2539,#2540,#2541,#2542));
#335=EDGE_LOOP('',(#2543,#2544,#2545,#2546));
#336=EDGE_LOOP('',(#2547,#2548,#2549,#2550));
#337=EDGE_LOOP('',(#2551,#2552,#2553,#2554));
#338=EDGE_LOOP('',(#2555,#2556,#2557,#2558,#2559,#2560,#2561,#2562));
#339=EDGE_LOOP('',(#2563,#2564,#2565,#2566));
#340=EDGE_LOOP('',(#2567,#2568,#2569,#2570));
#341=EDGE_LOOP('',(#2571,#2572,#2573,#2574,#2575,#2576,#2577,#2578));
#342=EDGE_LOOP('',(#2579,#2580,#2581,#2582));
#343=EDGE_LOOP('',(#2583,#2584,#2585,#2586));
#344=EDGE_LOOP('',(#2587,#2588,#2589,#2590));
#345=EDGE_LOOP('',(#2591,#2592,#2593,#2594));
#346=EDGE_LOOP('',(#2595,#2596,#2597,#2598));
#347=EDGE_LOOP('',(#2599,#2600,#2601,#2602));
#348=EDGE_LOOP('',(#2603,#2604,#2605,#2606));
#349=EDGE_LOOP('',(#2607,#2608,#2609,#2610));
#350=EDGE_LOOP('',(#2611,#2612,#2613,#2614));
#351=EDGE_LOOP('',(#2615,#2616,#2617,#2618));
#352=EDGE_LOOP('',(#2619,#2620,#2621,#2622));
#353=EDGE_LOOP('',(#2623,#2624,#2625,#2626));
#354=EDGE_LOOP('',(#2627,#2628,#2629,#2630,#2631,#2632,#2633,#2634,#2635,
#2636,#2637,#2638,#2639,#2640,#2641,#2642));
#355=EDGE_LOOP('',(#2643,#2644,#2645,#2646,#2647,#2648,#2649,#2650,#2651,
#2652,#2653,#2654));
#356=EDGE_LOOP('',(#2655,#2656,#2657,#2658));
#357=EDGE_LOOP('',(#2659,#2660,#2661,#2662));
#358=EDGE_LOOP('',(#2663,#2664,#2665,#2666));
#359=EDGE_LOOP('',(#2667,#2668,#2669,#2670));
#360=EDGE_LOOP('',(#2671,#2672,#2673,#2674));
#361=EDGE_LOOP('',(#2675,#2676,#2677,#2678));
#362=EDGE_LOOP('',(#2679,#2680,#2681,#2682));
#363=EDGE_LOOP('',(#2683,#2684,#2685,#2686));
#364=EDGE_LOOP('',(#2687,#2688,#2689,#2690));
#365=EDGE_LOOP('',(#2691,#2692,#2693,#2694));
#366=EDGE_LOOP('',(#2695,#2696,#2697,#2698));
#367=EDGE_LOOP('',(#2699,#2700,#2701,#2702));
#368=EDGE_LOOP('',(#2703,#2704,#2705,#2706));
#369=EDGE_LOOP('',(#2707,#2708,#2709,#2710,#2711,#2712,#2713,#2714,#2715,
#2716,#2717,#2718));
#370=EDGE_LOOP('',(#2719,#2720,#2721,#2722));
#371=EDGE_LOOP('',(#2723));
#372=EDGE_LOOP('',(#2724,#2725,#2726,#2727));
#373=EDGE_LOOP('',(#2728));
#374=EDGE_LOOP('',(#2729,#2730,#2731,#2732));
#375=EDGE_LOOP('',(#2733));
#376=EDGE_LOOP('',(#2734,#2735,#2736,#2737));
#377=EDGE_LOOP('',(#2738));
#378=EDGE_LOOP('',(#2739,#2740,#2741,#2742));
#379=EDGE_LOOP('',(#2743));
#380=EDGE_LOOP('',(#2744,#2745,#2746,#2747));
#381=EDGE_LOOP('',(#2748));
#382=EDGE_LOOP('',(#2749,#2750,#2751,#2752,#2753,#2754,#2755,#2756,#2757,
#2758,#2759,#2760,#2761,#2762));
#383=EDGE_LOOP('',(#2763,#2764,#2765,#2766));
#384=EDGE_LOOP('',(#2767,#2768,#2769,#2770,#2771,#2772,#2773,#2774,#2775,
#2776,#2777,#2778,#2779,#2780));
#385=EDGE_LOOP('',(#2781,#2782,#2783,#2784));
#386=EDGE_LOOP('',(#2785,#2786,#2787,#2788,#2789,#2790));
#387=EDGE_LOOP('',(#2791));
#388=EDGE_LOOP('',(#2792));
#389=EDGE_LOOP('',(#2793,#2794,#2795,#2796));
#390=EDGE_LOOP('',(#2797,#2798,#2799,#2800));
#391=EDGE_LOOP('',(#2801,#2802,#2803,#2804,#2805,#2806,#2807,#2808,#2809,
#2810,#2811,#2812));
#392=EDGE_LOOP('',(#2813,#2814,#2815,#2816));
#393=EDGE_LOOP('',(#2817,#2818,#2819,#2820,#2821,#2822,#2823,#2824));
#394=EDGE_LOOP('',(#2825,#2826,#2827,#2828));
#395=EDGE_LOOP('',(#2829,#2830,#2831,#2832));
#396=EDGE_LOOP('',(#2833,#2834,#2835,#2836));
#397=EDGE_LOOP('',(#2837,#2838,#2839,#2840));
#398=EDGE_LOOP('',(#2841,#2842,#2843,#2844));
#399=EDGE_LOOP('',(#2845,#2846,#2847,#2848));
#400=EDGE_LOOP('',(#2849,#2850,#2851,#2852));
#401=EDGE_LOOP('',(#2853,#2854,#2855,#2856,#2857,#2858,#2859,#2860));
#402=EDGE_LOOP('',(#2861,#2862,#2863,#2864,#2865,#2866,#2867,#2868));
#403=EDGE_LOOP('',(#2869,#2870,#2871,#2872,#2873,#2874,#2875,#2876));
#404=EDGE_LOOP('',(#2877,#2878,#2879,#2880,#2881,#2882,#2883,#2884));
#405=EDGE_LOOP('',(#2885,#2886,#2887,#2888,#2889,#2890,#2891,#2892));
#406=EDGE_LOOP('',(#2893,#2894,#2895,#2896,#2897,#2898,#2899,#2900,#2901,
#2902,#2903,#2904));
#407=EDGE_LOOP('',(#2905,#2906,#2907,#2908));
#408=EDGE_LOOP('',(#2909,#2910,#2911,#2912));
#409=EDGE_LOOP('',(#2913,#2914,#2915,#2916));
#410=EDGE_LOOP('',(#2917,#2918,#2919,#2920));
#411=LINE('',#4245,#845);
#412=LINE('',#4247,#846);
#413=LINE('',#4249,#847);
#414=LINE('',#4250,#848);
#415=LINE('',#4253,#849);
#416=LINE('',#4255,#850);
#417=LINE('',#4256,#851);
#418=LINE('',#4259,#852);
#419=LINE('',#4261,#853);
#420=LINE('',#4262,#854);
#421=LINE('',#4264,#855);
#422=LINE('',#4268,#856);
#423=LINE('',#4270,#857);
#424=LINE('',#4272,#858);
#425=LINE('',#4273,#859);
#426=LINE('',#4276,#860);
#427=LINE('',#4278,#861);
#428=LINE('',#4279,#862);
#429=LINE('',#4282,#863);
#430=LINE('',#4284,#864);
#431=LINE('',#4285,#865);
#432=LINE('',#4287,#866);
#433=LINE('',#4290,#867);
#434=LINE('',#4292,#868);
#435=LINE('',#4294,#869);
#436=LINE('',#4296,#870);
#437=LINE('',#4298,#871);
#438=LINE('',#4300,#872);
#439=LINE('',#4302,#873);
#440=LINE('',#4304,#874);
#441=LINE('',#4305,#875);
#442=LINE('',#4309,#876);
#443=LINE('',#4311,#877);
#444=LINE('',#4313,#878);
#445=LINE('',#4314,#879);
#446=LINE('',#4317,#880);
#447=LINE('',#4319,#881);
#448=LINE('',#4320,#882);
#449=LINE('',#4323,#883);
#450=LINE('',#4325,#884);
#451=LINE('',#4326,#885);
#452=LINE('',#4330,#886);
#453=LINE('',#4332,#887);
#454=LINE('',#4334,#888);
#455=LINE('',#4335,#889);
#456=LINE('',#4338,#890);
#457=LINE('',#4340,#891);
#458=LINE('',#4341,#892);
#459=LINE('',#4344,#893);
#460=LINE('',#4346,#894);
#461=LINE('',#4347,#895);
#462=LINE('',#4351,#896);
#463=LINE('',#4353,#897);
#464=LINE('',#4355,#898);
#465=LINE('',#4356,#899);
#466=LINE('',#4359,#900);
#467=LINE('',#4361,#901);
#468=LINE('',#4362,#902);
#469=LINE('',#4365,#903);
#470=LINE('',#4367,#904);
#471=LINE('',#4368,#905);
#472=LINE('',#4372,#906);
#473=LINE('',#4374,#907);
#474=LINE('',#4376,#908);
#475=LINE('',#4377,#909);
#476=LINE('',#4380,#910);
#477=LINE('',#4382,#911);
#478=LINE('',#4383,#912);
#479=LINE('',#4386,#913);
#480=LINE('',#4388,#914);
#481=LINE('',#4389,#915);
#482=LINE('',#4393,#916);
#483=LINE('',#4395,#917);
#484=LINE('',#4397,#918);
#485=LINE('',#4398,#919);
#486=LINE('',#4402,#920);
#487=LINE('',#4404,#921);
#488=LINE('',#4406,#922);
#489=LINE('',#4407,#923);
#490=LINE('',#4411,#924);
#491=LINE('',#4413,#925);
#492=LINE('',#4415,#926);
#493=LINE('',#4416,#927);
#494=LINE('',#4418,#928);
#495=LINE('',#4419,#929);
#496=LINE('',#4422,#930);
#497=LINE('',#4424,#931);
#498=LINE('',#4425,#932);
#499=LINE('',#4426,#933);
#500=LINE('',#4429,#934);
#501=LINE('',#4430,#935);
#502=LINE('',#4433,#936);
#503=LINE('',#4435,#937);
#504=LINE('',#4436,#938);
#505=LINE('',#4440,#939);
#506=LINE('',#4442,#940);
#507=LINE('',#4444,#941);
#508=LINE('',#4445,#942);
#509=LINE('',#4449,#943);
#510=LINE('',#4451,#944);
#511=LINE('',#4453,#945);
#512=LINE('',#4454,#946);
#513=LINE('',#4457,#947);
#514=LINE('',#4459,#948);
#515=LINE('',#4460,#949);
#516=LINE('',#4463,#950);
#517=LINE('',#4465,#951);
#518=LINE('',#4466,#952);
#519=LINE('',#4469,#953);
#520=LINE('',#4470,#954);
#521=LINE('',#4472,#955);
#522=LINE('',#4473,#956);
#523=LINE('',#4476,#957);
#524=LINE('',#4478,#958);
#525=LINE('',#4479,#959);
#526=LINE('',#4482,#960);
#527=LINE('',#4483,#961);
#528=LINE('',#4485,#962);
#529=LINE('',#4487,#963);
#530=LINE('',#4489,#964);
#531=LINE('',#4491,#965);
#532=LINE('',#4492,#966);
#533=LINE('',#4495,#967);
#534=LINE('',#4496,#968);
#535=LINE('',#4500,#969);
#536=LINE('',#4502,#970);
#537=LINE('',#4504,#971);
#538=LINE('',#4505,#972);
#539=LINE('',#4509,#973);
#540=LINE('',#4511,#974);
#541=LINE('',#4513,#975);
#542=LINE('',#4514,#976);
#543=LINE('',#4517,#977);
#544=LINE('',#4519,#978);
#545=LINE('',#4520,#979);
#546=LINE('',#4523,#980);
#547=LINE('',#4525,#981);
#548=LINE('',#4526,#982);
#549=LINE('',#4528,#983);
#550=LINE('',#4529,#984);
#551=LINE('',#4532,#985);
#552=LINE('',#4534,#986);
#553=LINE('',#4535,#987);
#554=LINE('',#4537,#988);
#555=LINE('',#4540,#989);
#556=LINE('',#4542,#990);
#557=LINE('',#4543,#991);
#558=LINE('',#4546,#992);
#559=LINE('',#4548,#993);
#560=LINE('',#4549,#994);
#561=LINE('',#4552,#995);
#562=LINE('',#4554,#996);
#563=LINE('',#4556,#997);
#564=LINE('',#4557,#998);
#565=LINE('',#4560,#999);
#566=LINE('',#4561,#1000);
#567=LINE('',#4565,#1001);
#568=LINE('',#4567,#1002);
#569=LINE('',#4569,#1003);
#570=LINE('',#4570,#1004);
#571=LINE('',#4573,#1005);
#572=LINE('',#4575,#1006);
#573=LINE('',#4576,#1007);
#574=LINE('',#4578,#1008);
#575=LINE('',#4579,#1009);
#576=LINE('',#4582,#1010);
#577=LINE('',#4584,#1011);
#578=LINE('',#4585,#1012);
#579=LINE('',#4587,#1013);
#580=LINE('',#4589,#1014);
#581=LINE('',#4590,#1015);
#582=LINE('',#4593,#1016);
#583=LINE('',#4595,#1017);
#584=LINE('',#4596,#1018);
#585=LINE('',#4599,#1019);
#586=LINE('',#4600,#1020);
#587=LINE('',#4603,#1021);
#588=LINE('',#4604,#1022);
#589=LINE('',#4607,#1023);
#590=LINE('',#4608,#1024);
#591=LINE('',#4611,#1025);
#592=LINE('',#4612,#1026);
#593=LINE('',#4615,#1027);
#594=LINE('',#4617,#1028);
#595=LINE('',#4618,#1029);
#596=LINE('',#4621,#1030);
#597=LINE('',#4623,#1031);
#598=LINE('',#4625,#1032);
#599=LINE('',#4626,#1033);
#600=LINE('',#4629,#1034);
#601=LINE('',#4631,#1035);
#602=LINE('',#4632,#1036);
#603=LINE('',#4634,#1037);
#604=LINE('',#4636,#1038);
#605=LINE('',#4637,#1039);
#606=LINE('',#4640,#1040);
#607=LINE('',#4641,#1041);
#608=LINE('',#4644,#1042);
#609=LINE('',#4645,#1043);
#610=LINE('',#4648,#1044);
#611=LINE('',#4650,#1045);
#612=LINE('',#4651,#1046);
#613=LINE('',#4653,#1047);
#614=LINE('',#4657,#1048);
#615=LINE('',#4658,#1049);
#616=LINE('',#4659,#1050);
#617=LINE('',#4662,#1051);
#618=LINE('',#4663,#1052);
#619=LINE('',#4666,#1053);
#620=LINE('',#4667,#1054);
#621=LINE('',#4669,#1055);
#622=LINE('',#4673,#1056);
#623=LINE('',#4674,#1057);
#624=LINE('',#4675,#1058);
#625=LINE('',#4679,#1059);
#626=LINE('',#4680,#1060);
#627=LINE('',#4681,#1061);
#628=LINE('',#4683,#1062);
#629=LINE('',#4686,#1063);
#630=LINE('',#4690,#1064);
#631=LINE('',#4692,#1065);
#632=LINE('',#4694,#1066);
#633=LINE('',#4696,#1067);
#634=LINE('',#4698,#1068);
#635=LINE('',#4702,#1069);
#636=LINE('',#4704,#1070);
#637=LINE('',#4706,#1071);
#638=LINE('',#4708,#1072);
#639=LINE('',#4710,#1073);
#640=LINE('',#4712,#1074);
#641=LINE('',#4713,#1075);
#642=LINE('',#4724,#1076);
#643=LINE('',#4726,#1077);
#644=LINE('',#4728,#1078);
#645=LINE('',#4730,#1079);
#646=LINE('',#4732,#1080);
#647=LINE('',#4734,#1081);
#648=LINE('',#4736,#1082);
#649=LINE('',#4738,#1083);
#650=LINE('',#4740,#1084);
#651=LINE('',#4742,#1085);
#652=LINE('',#4744,#1086);
#653=LINE('',#4745,#1087);
#654=LINE('',#4749,#1088);
#655=LINE('',#4750,#1089);
#656=LINE('',#4751,#1090);
#657=LINE('',#4754,#1091);
#658=LINE('',#4755,#1092);
#659=LINE('',#4758,#1093);
#660=LINE('',#4759,#1094);
#661=LINE('',#4761,#1095);
#662=LINE('',#4763,#1096);
#663=LINE('',#4764,#1097);
#664=LINE('',#4766,#1098);
#665=LINE('',#4768,#1099);
#666=LINE('',#4773,#1100);
#667=LINE('',#4774,#1101);
#668=LINE('',#4775,#1102);
#669=LINE('',#4778,#1103);
#670=LINE('',#4779,#1104);
#671=LINE('',#4782,#1105);
#672=LINE('',#4783,#1106);
#673=LINE('',#4785,#1107);
#674=LINE('',#4787,#1108);
#675=LINE('',#4788,#1109);
#676=LINE('',#4790,#1110);
#677=LINE('',#4791,#1111);
#678=LINE('',#4797,#1112);
#679=LINE('',#4799,#1113);
#680=LINE('',#4801,#1114);
#681=LINE('',#4802,#1115);
#682=LINE('',#4805,#1116);
#683=LINE('',#4807,#1117);
#684=LINE('',#4808,#1118);
#685=LINE('',#4811,#1119);
#686=LINE('',#4813,#1120);
#687=LINE('',#4814,#1121);
#688=LINE('',#4816,#1122);
#689=LINE('',#4818,#1123);
#690=LINE('',#4820,#1124);
#691=LINE('',#4821,#1125);
#692=LINE('',#4825,#1126);
#693=LINE('',#4827,#1127);
#694=LINE('',#4829,#1128);
#695=LINE('',#4830,#1129);
#696=LINE('',#4834,#1130);
#697=LINE('',#4836,#1131);
#698=LINE('',#4838,#1132);
#699=LINE('',#4839,#1133);
#700=LINE('',#4843,#1134);
#701=LINE('',#4845,#1135);
#702=LINE('',#4847,#1136);
#703=LINE('',#4848,#1137);
#704=LINE('',#4852,#1138);
#705=LINE('',#4854,#1139);
#706=LINE('',#4856,#1140);
#707=LINE('',#4857,#1141);
#708=LINE('',#4861,#1142);
#709=LINE('',#4863,#1143);
#710=LINE('',#4865,#1144);
#711=LINE('',#4866,#1145);
#712=LINE('',#4870,#1146);
#713=LINE('',#4871,#1147);
#714=LINE('',#4872,#1148);
#715=LINE('',#4875,#1149);
#716=LINE('',#4876,#1150);
#717=LINE('',#4879,#1151);
#718=LINE('',#4880,#1152);
#719=LINE('',#4882,#1153);
#720=LINE('',#4883,#1154);
#721=LINE('',#4884,#1155);
#722=LINE('',#4887,#1156);
#723=LINE('',#4888,#1157);
#724=LINE('',#4890,#1158);
#725=LINE('',#4891,#1159);
#726=LINE('',#4892,#1160);
#727=LINE('',#4895,#1161);
#728=LINE('',#4896,#1162);
#729=LINE('',#4899,#1163);
#730=LINE('',#4900,#1164);
#731=LINE('',#4902,#1165);
#732=LINE('',#4906,#1166);
#733=LINE('',#4907,#1167);
#734=LINE('',#4908,#1168);
#735=LINE('',#4911,#1169);
#736=LINE('',#4912,#1170);
#737=LINE('',#4914,#1171);
#738=LINE('',#4916,#1172);
#739=LINE('',#4917,#1173);
#740=LINE('',#4918,#1174);
#741=LINE('',#4920,#1175);
#742=LINE('',#4924,#1176);
#743=LINE('',#4925,#1177);
#744=LINE('',#4926,#1178);
#745=LINE('',#4928,#1179);
#746=LINE('',#4930,#1180);
#747=LINE('',#4931,#1181);
#748=LINE('',#4932,#1182);
#749=LINE('',#4935,#1183);
#750=LINE('',#4936,#1184);
#751=LINE('',#4938,#1185);
#752=LINE('',#4942,#1186);
#753=LINE('',#4943,#1187);
#754=LINE('',#4944,#1188);
#755=LINE('',#4947,#1189);
#756=LINE('',#4948,#1190);
#757=LINE('',#4951,#1191);
#758=LINE('',#4952,#1192);
#759=LINE('',#4954,#1193);
#760=LINE('',#4958,#1194);
#761=LINE('',#4960,#1195);
#762=LINE('',#4962,#1196);
#763=LINE('',#4963,#1197);
#764=LINE('',#4966,#1198);
#765=LINE('',#4968,#1199);
#766=LINE('',#4969,#1200);
#767=LINE('',#4972,#1201);
#768=LINE('',#4974,#1202);
#769=LINE('',#4975,#1203);
#770=LINE('',#4978,#1204);
#771=LINE('',#4980,#1205);
#772=LINE('',#4981,#1206);
#773=LINE('',#4984,#1207);
#774=LINE('',#4986,#1208);
#775=LINE('',#4987,#1209);
#776=LINE('',#4989,#1210);
#777=LINE('',#4991,#1211);
#778=LINE('',#4992,#1212);
#779=LINE('',#4994,#1213);
#780=LINE('',#4995,#1214);
#781=LINE('',#4996,#1215);
#782=LINE('',#4997,#1216);
#783=LINE('',#5000,#1217);
#784=LINE('',#5001,#1218);
#785=LINE('',#5002,#1219);
#786=LINE('',#5004,#1220);
#787=LINE('',#5007,#1221);
#788=LINE('',#5009,#1222);
#789=LINE('',#5010,#1223);
#790=LINE('',#5013,#1224);
#791=LINE('',#5014,#1225);
#792=LINE('',#5017,#1226);
#793=LINE('',#5018,#1227);
#794=LINE('',#5021,#1228);
#795=LINE('',#5022,#1229);
#796=LINE('',#5025,#1230);
#797=LINE('',#5026,#1231);
#798=LINE('',#5029,#1232);
#799=LINE('',#5030,#1233);
#800=LINE('',#5033,#1234);
#801=LINE('',#5034,#1235);
#802=LINE('',#5037,#1236);
#803=LINE('',#5038,#1237);
#804=LINE('',#5041,#1238);
#805=LINE('',#5042,#1239);
#806=LINE('',#5045,#1240);
#807=LINE('',#5046,#1241);
#808=LINE('',#5049,#1242);
#809=LINE('',#5050,#1243);
#810=LINE('',#5052,#1244);
#811=LINE('',#5057,#1245);
#812=LINE('',#5062,#1246);
#813=LINE('',#5067,#1247);
#814=LINE('',#5072,#1248);
#815=LINE('',#5078,#1249);
#816=LINE('',#5085,#1250);
#817=LINE('',#5091,#1251);
#818=LINE('',#5093,#1252);
#819=LINE('',#5095,#1253);
#820=LINE('',#5096,#1254);
#821=LINE('',#5097,#1255);
#822=LINE('',#5101,#1256);
#823=LINE('',#5103,#1257);
#824=LINE('',#5104,#1258);
#825=LINE('',#5106,#1259);
#826=LINE('',#5107,#1260);
#827=LINE('',#5111,#1261);
#828=LINE('',#5113,#1262);
#829=LINE('',#5116,#1263);
#830=LINE('',#5118,#1264);
#831=LINE('',#5120,#1265);
#832=LINE('',#5125,#1266);
#833=LINE('',#5127,#1267);
#834=LINE('',#5129,#1268);
#835=LINE('',#5130,#1269);
#836=LINE('',#5131,#1270);
#837=LINE('',#5135,#1271);
#838=LINE('',#5137,#1272);
#839=LINE('',#5138,#1273);
#840=LINE('',#5141,#1274);
#841=LINE('',#5143,#1275);
#842=LINE('',#5144,#1276);
#843=LINE('',#5146,#1277);
#844=LINE('',#5147,#1278);
#845=VECTOR('',#3445,10.);
#846=VECTOR('',#3446,10.);
#847=VECTOR('',#3447,10.);
#848=VECTOR('',#3448,10.);
#849=VECTOR('',#3451,10.);
#850=VECTOR('',#3452,10.);
#851=VECTOR('',#3453,10.);
#852=VECTOR('',#3456,10.);
#853=VECTOR('',#3457,10.);
#854=VECTOR('',#3458,10.);
#855=VECTOR('',#3461,10.);
#856=VECTOR('',#3464,10.);
#857=VECTOR('',#3465,10.);
#858=VECTOR('',#3466,10.);
#859=VECTOR('',#3467,10.);
#860=VECTOR('',#3470,10.);
#861=VECTOR('',#3471,10.);
#862=VECTOR('',#3472,10.);
#863=VECTOR('',#3475,10.);
#864=VECTOR('',#3476,10.);
#865=VECTOR('',#3477,10.);
#866=VECTOR('',#3480,10.);
#867=VECTOR('',#3483,10.);
#868=VECTOR('',#3484,10.);
#869=VECTOR('',#3485,10.);
#870=VECTOR('',#3486,10.);
#871=VECTOR('',#3487,10.);
#872=VECTOR('',#3488,10.);
#873=VECTOR('',#3489,10.);
#874=VECTOR('',#3490,10.);
#875=VECTOR('',#3491,10.);
#876=VECTOR('',#3494,10.);
#877=VECTOR('',#3495,10.);
#878=VECTOR('',#3496,10.);
#879=VECTOR('',#3497,10.);
#880=VECTOR('',#3500,10.);
#881=VECTOR('',#3501,10.);
#882=VECTOR('',#3502,10.);
#883=VECTOR('',#3505,10.);
#884=VECTOR('',#3506,10.);
#885=VECTOR('',#3507,10.);
#886=VECTOR('',#3510,10.);
#887=VECTOR('',#3511,10.);
#888=VECTOR('',#3512,10.);
#889=VECTOR('',#3513,10.);
#890=VECTOR('',#3516,10.);
#891=VECTOR('',#3517,10.);
#892=VECTOR('',#3518,10.);
#893=VECTOR('',#3521,10.);
#894=VECTOR('',#3522,10.);
#895=VECTOR('',#3523,10.);
#896=VECTOR('',#3526,10.);
#897=VECTOR('',#3527,10.);
#898=VECTOR('',#3528,10.);
#899=VECTOR('',#3529,10.);
#900=VECTOR('',#3532,10.);
#901=VECTOR('',#3533,10.);
#902=VECTOR('',#3534,10.);
#903=VECTOR('',#3537,10.);
#904=VECTOR('',#3538,10.);
#905=VECTOR('',#3539,10.);
#906=VECTOR('',#3542,10.);
#907=VECTOR('',#3543,10.);
#908=VECTOR('',#3544,10.);
#909=VECTOR('',#3545,10.);
#910=VECTOR('',#3548,10.);
#911=VECTOR('',#3549,10.);
#912=VECTOR('',#3550,10.);
#913=VECTOR('',#3553,10.);
#914=VECTOR('',#3554,10.);
#915=VECTOR('',#3555,10.);
#916=VECTOR('',#3558,10.);
#917=VECTOR('',#3559,10.);
#918=VECTOR('',#3560,10.);
#919=VECTOR('',#3561,10.);
#920=VECTOR('',#3564,10.);
#921=VECTOR('',#3565,10.);
#922=VECTOR('',#3566,10.);
#923=VECTOR('',#3567,10.);
#924=VECTOR('',#3570,10.);
#925=VECTOR('',#3571,10.);
#926=VECTOR('',#3572,10.);
#927=VECTOR('',#3573,10.);
#928=VECTOR('',#3576,10.);
#929=VECTOR('',#3577,10.);
#930=VECTOR('',#3580,10.);
#931=VECTOR('',#3581,10.);
#932=VECTOR('',#3582,10.);
#933=VECTOR('',#3583,10.);
#934=VECTOR('',#3586,10.);
#935=VECTOR('',#3587,10.);
#936=VECTOR('',#3590,10.);
#937=VECTOR('',#3591,10.);
#938=VECTOR('',#3592,10.);
#939=VECTOR('',#3595,10.);
#940=VECTOR('',#3596,10.);
#941=VECTOR('',#3597,10.);
#942=VECTOR('',#3598,10.);
#943=VECTOR('',#3601,10.);
#944=VECTOR('',#3602,10.);
#945=VECTOR('',#3603,10.);
#946=VECTOR('',#3604,10.);
#947=VECTOR('',#3607,10.);
#948=VECTOR('',#3608,10.);
#949=VECTOR('',#3609,10.);
#950=VECTOR('',#3612,10.);
#951=VECTOR('',#3613,10.);
#952=VECTOR('',#3614,10.);
#953=VECTOR('',#3617,10.);
#954=VECTOR('',#3618,10.);
#955=VECTOR('',#3619,10.);
#956=VECTOR('',#3620,10.);
#957=VECTOR('',#3623,10.);
#958=VECTOR('',#3624,10.);
#959=VECTOR('',#3625,10.);
#960=VECTOR('',#3628,10.);
#961=VECTOR('',#3629,10.);
#962=VECTOR('',#3630,10.);
#963=VECTOR('',#3631,10.);
#964=VECTOR('',#3632,10.);
#965=VECTOR('',#3633,10.);
#966=VECTOR('',#3634,10.);
#967=VECTOR('',#3637,10.);
#968=VECTOR('',#3638,10.);
#969=VECTOR('',#3641,10.);
#970=VECTOR('',#3642,10.);
#971=VECTOR('',#3643,10.);
#972=VECTOR('',#3644,10.);
#973=VECTOR('',#3647,10.);
#974=VECTOR('',#3648,10.);
#975=VECTOR('',#3649,10.);
#976=VECTOR('',#3650,10.);
#977=VECTOR('',#3653,10.);
#978=VECTOR('',#3654,10.);
#979=VECTOR('',#3655,10.);
#980=VECTOR('',#3658,10.);
#981=VECTOR('',#3659,10.);
#982=VECTOR('',#3660,10.);
#983=VECTOR('',#3663,10.);
#984=VECTOR('',#3664,10.);
#985=VECTOR('',#3667,10.);
#986=VECTOR('',#3668,10.);
#987=VECTOR('',#3669,10.);
#988=VECTOR('',#3672,10.);
#989=VECTOR('',#3675,10.);
#990=VECTOR('',#3676,10.);
#991=VECTOR('',#3677,10.);
#992=VECTOR('',#3680,10.);
#993=VECTOR('',#3681,10.);
#994=VECTOR('',#3682,10.);
#995=VECTOR('',#3685,10.);
#996=VECTOR('',#3686,10.);
#997=VECTOR('',#3687,10.);
#998=VECTOR('',#3688,10.);
#999=VECTOR('',#3691,10.);
#1000=VECTOR('',#3692,10.);
#1001=VECTOR('',#3695,10.);
#1002=VECTOR('',#3696,10.);
#1003=VECTOR('',#3697,10.);
#1004=VECTOR('',#3698,10.);
#1005=VECTOR('',#3701,10.);
#1006=VECTOR('',#3702,10.);
#1007=VECTOR('',#3703,10.);
#1008=VECTOR('',#3706,10.);
#1009=VECTOR('',#3707,10.);
#1010=VECTOR('',#3710,10.);
#1011=VECTOR('',#3711,10.);
#1012=VECTOR('',#3712,10.);
#1013=VECTOR('',#3715,10.);
#1014=VECTOR('',#3716,10.);
#1015=VECTOR('',#3717,10.);
#1016=VECTOR('',#3720,10.);
#1017=VECTOR('',#3721,10.);
#1018=VECTOR('',#3722,10.);
#1019=VECTOR('',#3725,10.);
#1020=VECTOR('',#3726,10.);
#1021=VECTOR('',#3729,10.);
#1022=VECTOR('',#3730,10.);
#1023=VECTOR('',#3733,10.);
#1024=VECTOR('',#3734,10.);
#1025=VECTOR('',#3737,10.);
#1026=VECTOR('',#3738,10.);
#1027=VECTOR('',#3741,10.);
#1028=VECTOR('',#3742,10.);
#1029=VECTOR('',#3743,10.);
#1030=VECTOR('',#3746,10.);
#1031=VECTOR('',#3747,10.);
#1032=VECTOR('',#3748,10.);
#1033=VECTOR('',#3749,10.);
#1034=VECTOR('',#3752,10.);
#1035=VECTOR('',#3753,10.);
#1036=VECTOR('',#3754,10.);
#1037=VECTOR('',#3757,10.);
#1038=VECTOR('',#3758,10.);
#1039=VECTOR('',#3759,10.);
#1040=VECTOR('',#3762,10.);
#1041=VECTOR('',#3763,10.);
#1042=VECTOR('',#3766,10.);
#1043=VECTOR('',#3767,10.);
#1044=VECTOR('',#3770,10.);
#1045=VECTOR('',#3771,10.);
#1046=VECTOR('',#3772,10.);
#1047=VECTOR('',#3775,10.);
#1048=VECTOR('',#3778,10.);
#1049=VECTOR('',#3779,10.);
#1050=VECTOR('',#3780,10.);
#1051=VECTOR('',#3783,10.);
#1052=VECTOR('',#3784,10.);
#1053=VECTOR('',#3787,10.);
#1054=VECTOR('',#3788,10.);
#1055=VECTOR('',#3791,10.);
#1056=VECTOR('',#3794,10.);
#1057=VECTOR('',#3795,10.);
#1058=VECTOR('',#3796,10.);
#1059=VECTOR('',#3799,10.);
#1060=VECTOR('',#3800,10.);
#1061=VECTOR('',#3801,10.);
#1062=VECTOR('',#3804,10.);
#1063=VECTOR('',#3807,10.);
#1064=VECTOR('',#3810,10.);
#1065=VECTOR('',#3811,10.);
#1066=VECTOR('',#3812,10.);
#1067=VECTOR('',#3813,10.);
#1068=VECTOR('',#3814,10.);
#1069=VECTOR('',#3817,10.);
#1070=VECTOR('',#3818,10.);
#1071=VECTOR('',#3819,10.);
#1072=VECTOR('',#3820,10.);
#1073=VECTOR('',#3821,10.);
#1074=VECTOR('',#3822,10.);
#1075=VECTOR('',#3823,10.);
#1076=VECTOR('',#3832,10.);
#1077=VECTOR('',#3833,10.);
#1078=VECTOR('',#3834,10.);
#1079=VECTOR('',#3835,10.);
#1080=VECTOR('',#3836,10.);
#1081=VECTOR('',#3837,10.);
#1082=VECTOR('',#3838,10.);
#1083=VECTOR('',#3839,10.);
#1084=VECTOR('',#3840,10.);
#1085=VECTOR('',#3841,10.);
#1086=VECTOR('',#3842,10.);
#1087=VECTOR('',#3843,10.);
#1088=VECTOR('',#3846,10.);
#1089=VECTOR('',#3847,10.);
#1090=VECTOR('',#3848,10.);
#1091=VECTOR('',#3851,10.);
#1092=VECTOR('',#3852,10.);
#1093=VECTOR('',#3855,10.);
#1094=VECTOR('',#3856,10.);
#1095=VECTOR('',#3859,10.);
#1096=VECTOR('',#3862,10.);
#1097=VECTOR('',#3863,10.);
#1098=VECTOR('',#3866,10.);
#1099=VECTOR('',#3869,10.);
#1100=VECTOR('',#3874,10.);
#1101=VECTOR('',#3875,10.);
#1102=VECTOR('',#3876,10.);
#1103=VECTOR('',#3879,10.);
#1104=VECTOR('',#3880,10.);
#1105=VECTOR('',#3883,10.);
#1106=VECTOR('',#3884,10.);
#1107=VECTOR('',#3887,10.);
#1108=VECTOR('',#3890,10.);
#1109=VECTOR('',#3891,10.);
#1110=VECTOR('',#3894,10.);
#1111=VECTOR('',#3895,10.);
#1112=VECTOR('',#3902,10.);
#1113=VECTOR('',#3903,10.);
#1114=VECTOR('',#3904,10.);
#1115=VECTOR('',#3905,10.);
#1116=VECTOR('',#3908,10.);
#1117=VECTOR('',#3909,10.);
#1118=VECTOR('',#3910,10.);
#1119=VECTOR('',#3913,10.);
#1120=VECTOR('',#3914,10.);
#1121=VECTOR('',#3915,10.);
#1122=VECTOR('',#3918,10.);
#1123=VECTOR('',#3919,10.);
#1124=VECTOR('',#3920,10.);
#1125=VECTOR('',#3921,10.);
#1126=VECTOR('',#3924,10.);
#1127=VECTOR('',#3925,10.);
#1128=VECTOR('',#3926,10.);
#1129=VECTOR('',#3927,10.);
#1130=VECTOR('',#3930,10.);
#1131=VECTOR('',#3931,10.);
#1132=VECTOR('',#3932,10.);
#1133=VECTOR('',#3933,10.);
#1134=VECTOR('',#3936,10.);
#1135=VECTOR('',#3937,10.);
#1136=VECTOR('',#3938,10.);
#1137=VECTOR('',#3939,10.);
#1138=VECTOR('',#3942,10.);
#1139=VECTOR('',#3943,10.);
#1140=VECTOR('',#3944,10.);
#1141=VECTOR('',#3945,10.);
#1142=VECTOR('',#3948,10.);
#1143=VECTOR('',#3949,10.);
#1144=VECTOR('',#3950,10.);
#1145=VECTOR('',#3951,10.);
#1146=VECTOR('',#3954,10.);
#1147=VECTOR('',#3955,10.);
#1148=VECTOR('',#3956,10.);
#1149=VECTOR('',#3959,10.);
#1150=VECTOR('',#3960,10.);
#1151=VECTOR('',#3963,10.);
#1152=VECTOR('',#3964,10.);
#1153=VECTOR('',#3967,10.);
#1154=VECTOR('',#3968,10.);
#1155=VECTOR('',#3969,10.);
#1156=VECTOR('',#3972,10.);
#1157=VECTOR('',#3973,10.);
#1158=VECTOR('',#3974,10.);
#1159=VECTOR('',#3975,10.);
#1160=VECTOR('',#3976,10.);
#1161=VECTOR('',#3979,10.);
#1162=VECTOR('',#3980,10.);
#1163=VECTOR('',#3983,10.);
#1164=VECTOR('',#3984,10.);
#1165=VECTOR('',#3987,10.);
#1166=VECTOR('',#3990,10.);
#1167=VECTOR('',#3991,10.);
#1168=VECTOR('',#3992,10.);
#1169=VECTOR('',#3995,10.);
#1170=VECTOR('',#3996,10.);
#1171=VECTOR('',#3999,10.);
#1172=VECTOR('',#4000,10.);
#1173=VECTOR('',#4001,10.);
#1174=VECTOR('',#4002,10.);
#1175=VECTOR('',#4005,10.);
#1176=VECTOR('',#4008,10.);
#1177=VECTOR('',#4009,10.);
#1178=VECTOR('',#4010,10.);
#1179=VECTOR('',#4013,10.);
#1180=VECTOR('',#4014,10.);
#1181=VECTOR('',#4015,10.);
#1182=VECTOR('',#4016,10.);
#1183=VECTOR('',#4019,10.);
#1184=VECTOR('',#4020,10.);
#1185=VECTOR('',#4023,10.);
#1186=VECTOR('',#4026,10.);
#1187=VECTOR('',#4027,10.);
#1188=VECTOR('',#4028,10.);
#1189=VECTOR('',#4031,10.);
#1190=VECTOR('',#4032,10.);
#1191=VECTOR('',#4035,10.);
#1192=VECTOR('',#4036,10.);
#1193=VECTOR('',#4039,10.);
#1194=VECTOR('',#4042,10.);
#1195=VECTOR('',#4043,10.);
#1196=VECTOR('',#4044,10.);
#1197=VECTOR('',#4045,10.);
#1198=VECTOR('',#4048,10.);
#1199=VECTOR('',#4049,10.);
#1200=VECTOR('',#4050,10.);
#1201=VECTOR('',#4053,10.);
#1202=VECTOR('',#4054,10.);
#1203=VECTOR('',#4055,10.);
#1204=VECTOR('',#4058,10.);
#1205=VECTOR('',#4059,10.);
#1206=VECTOR('',#4060,10.);
#1207=VECTOR('',#4063,10.);
#1208=VECTOR('',#4064,10.);
#1209=VECTOR('',#4065,10.);
#1210=VECTOR('',#4068,10.);
#1211=VECTOR('',#4071,10.);
#1212=VECTOR('',#4072,10.);
#1213=VECTOR('',#4073,10.);
#1214=VECTOR('',#4074,10.);
#1215=VECTOR('',#4075,10.);
#1216=VECTOR('',#4076,10.);
#1217=VECTOR('',#4079,10.);
#1218=VECTOR('',#4080,10.);
#1219=VECTOR('',#4081,10.);
#1220=VECTOR('',#4084,10.);
#1221=VECTOR('',#4087,10.);
#1222=VECTOR('',#4088,10.);
#1223=VECTOR('',#4089,10.);
#1224=VECTOR('',#4092,10.);
#1225=VECTOR('',#4093,10.);
#1226=VECTOR('',#4096,10.);
#1227=VECTOR('',#4097,10.);
#1228=VECTOR('',#4100,10.);
#1229=VECTOR('',#4101,10.);
#1230=VECTOR('',#4104,10.);
#1231=VECTOR('',#4105,10.);
#1232=VECTOR('',#4108,10.);
#1233=VECTOR('',#4109,10.);
#1234=VECTOR('',#4112,10.);
#1235=VECTOR('',#4113,10.);
#1236=VECTOR('',#4116,10.);
#1237=VECTOR('',#4117,10.);
#1238=VECTOR('',#4120,10.);
#1239=VECTOR('',#4121,10.);
#1240=VECTOR('',#4124,10.);
#1241=VECTOR('',#4125,10.);
#1242=VECTOR('',#4128,10.);
#1243=VECTOR('',#4129,10.);
#1244=VECTOR('',#4132,10.);
#1245=VECTOR('',#4139,1.75000000000001);
#1246=VECTOR('',#4146,1.75);
#1247=VECTOR('',#4153,1.75000000000001);
#1248=VECTOR('',#4160,1.75);
#1249=VECTOR('',#4167,1.54999999999999);
#1250=VECTOR('',#4176,1.54999999999999);
#1251=VECTOR('',#4183,10.);
#1252=VECTOR('',#4184,10.);
#1253=VECTOR('',#4185,10.);
#1254=VECTOR('',#4186,10.);
#1255=VECTOR('',#4187,10.);
#1256=VECTOR('',#4190,10.);
#1257=VECTOR('',#4191,10.);
#1258=VECTOR('',#4192,10.);
#1259=VECTOR('',#4193,10.);
#1260=VECTOR('',#4194,10.);
#1261=VECTOR('',#4197,10.);
#1262=VECTOR('',#4200,10.);
#1263=VECTOR('',#4205,10.);
#1264=VECTOR('',#4208,10.);
#1265=VECTOR('',#4211,10.);
#1266=VECTOR('',#4216,10.);
#1267=VECTOR('',#4217,10.);
#1268=VECTOR('',#4218,10.);
#1269=VECTOR('',#4219,10.);
#1270=VECTOR('',#4220,10.);
#1271=VECTOR('',#4225,10.);
#1272=VECTOR('',#4226,10.);
#1273=VECTOR('',#4227,10.);
#1274=VECTOR('',#4230,10.);
#1275=VECTOR('',#4231,10.);
#1276=VECTOR('',#4232,10.);
#1277=VECTOR('',#4235,10.);
#1278=VECTOR('',#4236,10.);
#1279=VERTEX_POINT('',#4243);
#1280=VERTEX_POINT('',#4244);
#1281=VERTEX_POINT('',#4246);
#1282=VERTEX_POINT('',#4248);
#1283=VERTEX_POINT('',#4252);
#1284=VERTEX_POINT('',#4254);
#1285=VERTEX_POINT('',#4258);
#1286=VERTEX_POINT('',#4260);
#1287=VERTEX_POINT('',#4266);
#1288=VERTEX_POINT('',#4267);
#1289=VERTEX_POINT('',#4269);
#1290=VERTEX_POINT('',#4271);
#1291=VERTEX_POINT('',#4275);
#1292=VERTEX_POINT('',#4277);
#1293=VERTEX_POINT('',#4281);
#1294=VERTEX_POINT('',#4283);
#1295=VERTEX_POINT('',#4289);
#1296=VERTEX_POINT('',#4291);
#1297=VERTEX_POINT('',#4293);
#1298=VERTEX_POINT('',#4295);
#1299=VERTEX_POINT('',#4297);
#1300=VERTEX_POINT('',#4299);
#1301=VERTEX_POINT('',#4301);
#1302=VERTEX_POINT('',#4303);
#1303=VERTEX_POINT('',#4307);
#1304=VERTEX_POINT('',#4308);
#1305=VERTEX_POINT('',#4310);
#1306=VERTEX_POINT('',#4312);
#1307=VERTEX_POINT('',#4316);
#1308=VERTEX_POINT('',#4318);
#1309=VERTEX_POINT('',#4322);
#1310=VERTEX_POINT('',#4324);
#1311=VERTEX_POINT('',#4328);
#1312=VERTEX_POINT('',#4329);
#1313=VERTEX_POINT('',#4331);
#1314=VERTEX_POINT('',#4333);
#1315=VERTEX_POINT('',#4337);
#1316=VERTEX_POINT('',#4339);
#1317=VERTEX_POINT('',#4343);
#1318=VERTEX_POINT('',#4345);
#1319=VERTEX_POINT('',#4349);
#1320=VERTEX_POINT('',#4350);
#1321=VERTEX_POINT('',#4352);
#1322=VERTEX_POINT('',#4354);
#1323=VERTEX_POINT('',#4358);
#1324=VERTEX_POINT('',#4360);
#1325=VERTEX_POINT('',#4364);
#1326=VERTEX_POINT('',#4366);
#1327=VERTEX_POINT('',#4370);
#1328=VERTEX_POINT('',#4371);
#1329=VERTEX_POINT('',#4373);
#1330=VERTEX_POINT('',#4375);
#1331=VERTEX_POINT('',#4379);
#1332=VERTEX_POINT('',#4381);
#1333=VERTEX_POINT('',#4385);
#1334=VERTEX_POINT('',#4387);
#1335=VERTEX_POINT('',#4391);
#1336=VERTEX_POINT('',#4392);
#1337=VERTEX_POINT('',#4394);
#1338=VERTEX_POINT('',#4396);
#1339=VERTEX_POINT('',#4400);
#1340=VERTEX_POINT('',#4401);
#1341=VERTEX_POINT('',#4403);
#1342=VERTEX_POINT('',#4405);
#1343=VERTEX_POINT('',#4409);
#1344=VERTEX_POINT('',#4410);
#1345=VERTEX_POINT('',#4412);
#1346=VERTEX_POINT('',#4414);
#1347=VERTEX_POINT('',#4421);
#1348=VERTEX_POINT('',#4423);
#1349=VERTEX_POINT('',#4428);
#1350=VERTEX_POINT('',#4432);
#1351=VERTEX_POINT('',#4434);
#1352=VERTEX_POINT('',#4438);
#1353=VERTEX_POINT('',#4439);
#1354=VERTEX_POINT('',#4441);
#1355=VERTEX_POINT('',#4443);
#1356=VERTEX_POINT('',#4447);
#1357=VERTEX_POINT('',#4448);
#1358=VERTEX_POINT('',#4450);
#1359=VERTEX_POINT('',#4452);
#1360=VERTEX_POINT('',#4456);
#1361=VERTEX_POINT('',#4458);
#1362=VERTEX_POINT('',#4462);
#1363=VERTEX_POINT('',#4464);
#1364=VERTEX_POINT('',#4468);
#1365=VERTEX_POINT('',#4471);
#1366=VERTEX_POINT('',#4475);
#1367=VERTEX_POINT('',#4477);
#1368=VERTEX_POINT('',#4481);
#1369=VERTEX_POINT('',#4484);
#1370=VERTEX_POINT('',#4486);
#1371=VERTEX_POINT('',#4488);
#1372=VERTEX_POINT('',#4490);
#1373=VERTEX_POINT('',#4494);
#1374=VERTEX_POINT('',#4498);
#1375=VERTEX_POINT('',#4499);
#1376=VERTEX_POINT('',#4501);
#1377=VERTEX_POINT('',#4503);
#1378=VERTEX_POINT('',#4507);
#1379=VERTEX_POINT('',#4508);
#1380=VERTEX_POINT('',#4510);
#1381=VERTEX_POINT('',#4512);
#1382=VERTEX_POINT('',#4516);
#1383=VERTEX_POINT('',#4518);
#1384=VERTEX_POINT('',#4522);
#1385=VERTEX_POINT('',#4524);
#1386=VERTEX_POINT('',#4531);
#1387=VERTEX_POINT('',#4533);
#1388=VERTEX_POINT('',#4539);
#1389=VERTEX_POINT('',#4541);
#1390=VERTEX_POINT('',#4545);
#1391=VERTEX_POINT('',#4547);
#1392=VERTEX_POINT('',#4551);
#1393=VERTEX_POINT('',#4553);
#1394=VERTEX_POINT('',#4555);
#1395=VERTEX_POINT('',#4559);
#1396=VERTEX_POINT('',#4563);
#1397=VERTEX_POINT('',#4564);
#1398=VERTEX_POINT('',#4566);
#1399=VERTEX_POINT('',#4568);
#1400=VERTEX_POINT('',#4572);
#1401=VERTEX_POINT('',#4574);
#1402=VERTEX_POINT('',#4581);
#1403=VERTEX_POINT('',#4583);
#1404=VERTEX_POINT('',#4588);
#1405=VERTEX_POINT('',#4592);
#1406=VERTEX_POINT('',#4594);
#1407=VERTEX_POINT('',#4598);
#1408=VERTEX_POINT('',#4602);
#1409=VERTEX_POINT('',#4606);
#1410=VERTEX_POINT('',#4610);
#1411=VERTEX_POINT('',#4614);
#1412=VERTEX_POINT('',#4616);
#1413=VERTEX_POINT('',#4620);
#1414=VERTEX_POINT('',#4622);
#1415=VERTEX_POINT('',#4624);
#1416=VERTEX_POINT('',#4628);
#1417=VERTEX_POINT('',#4630);
#1418=VERTEX_POINT('',#4635);
#1419=VERTEX_POINT('',#4639);
#1420=VERTEX_POINT('',#4643);
#1421=VERTEX_POINT('',#4647);
#1422=VERTEX_POINT('',#4649);
#1423=VERTEX_POINT('',#4655);
#1424=VERTEX_POINT('',#4656);
#1425=VERTEX_POINT('',#4661);
#1426=VERTEX_POINT('',#4665);
#1427=VERTEX_POINT('',#4671);
#1428=VERTEX_POINT('',#4672);
#1429=VERTEX_POINT('',#4677);
#1430=VERTEX_POINT('',#4678);
#1431=VERTEX_POINT('',#4685);
#1432=VERTEX_POINT('',#4687);
#1433=VERTEX_POINT('',#4689);
#1434=VERTEX_POINT('',#4691);
#1435=VERTEX_POINT('',#4693);
#1436=VERTEX_POINT('',#4695);
#1437=VERTEX_POINT('',#4697);
#1438=VERTEX_POINT('',#4699);
#1439=VERTEX_POINT('',#4701);
#1440=VERTEX_POINT('',#4703);
#1441=VERTEX_POINT('',#4705);
#1442=VERTEX_POINT('',#4707);
#1443=VERTEX_POINT('',#4709);
#1444=VERTEX_POINT('',#4711);
#1445=VERTEX_POINT('',#4714);
#1446=VERTEX_POINT('',#4716);
#1447=VERTEX_POINT('',#4718);
#1448=VERTEX_POINT('',#4720);
#1449=VERTEX_POINT('',#4722);
#1450=VERTEX_POINT('',#4723);
#1451=VERTEX_POINT('',#4725);
#1452=VERTEX_POINT('',#4727);
#1453=VERTEX_POINT('',#4729);
#1454=VERTEX_POINT('',#4731);
#1455=VERTEX_POINT('',#4733);
#1456=VERTEX_POINT('',#4735);
#1457=VERTEX_POINT('',#4737);
#1458=VERTEX_POINT('',#4739);
#1459=VERTEX_POINT('',#4741);
#1460=VERTEX_POINT('',#4743);
#1461=VERTEX_POINT('',#4747);
#1462=VERTEX_POINT('',#4748);
#1463=VERTEX_POINT('',#4753);
#1464=VERTEX_POINT('',#4757);
#1465=VERTEX_POINT('',#4771);
#1466=VERTEX_POINT('',#4772);
#1467=VERTEX_POINT('',#4777);
#1468=VERTEX_POINT('',#4781);
#1469=VERTEX_POINT('',#4795);
#1470=VERTEX_POINT('',#4796);
#1471=VERTEX_POINT('',#4798);
#1472=VERTEX_POINT('',#4800);
#1473=VERTEX_POINT('',#4804);
#1474=VERTEX_POINT('',#4806);
#1475=VERTEX_POINT('',#4810);
#1476=VERTEX_POINT('',#4812);
#1477=VERTEX_POINT('',#4817);
#1478=VERTEX_POINT('',#4819);
#1479=VERTEX_POINT('',#4823);
#1480=VERTEX_POINT('',#4824);
#1481=VERTEX_POINT('',#4826);
#1482=VERTEX_POINT('',#4828);
#1483=VERTEX_POINT('',#4832);
#1484=VERTEX_POINT('',#4833);
#1485=VERTEX_POINT('',#4835);
#1486=VERTEX_POINT('',#4837);
#1487=VERTEX_POINT('',#4841);
#1488=VERTEX_POINT('',#4842);
#1489=VERTEX_POINT('',#4844);
#1490=VERTEX_POINT('',#4846);
#1491=VERTEX_POINT('',#4850);
#1492=VERTEX_POINT('',#4851);
#1493=VERTEX_POINT('',#4853);
#1494=VERTEX_POINT('',#4855);
#1495=VERTEX_POINT('',#4859);
#1496=VERTEX_POINT('',#4860);
#1497=VERTEX_POINT('',#4862);
#1498=VERTEX_POINT('',#4864);
#1499=VERTEX_POINT('',#4868);
#1500=VERTEX_POINT('',#4869);
#1501=VERTEX_POINT('',#4874);
#1502=VERTEX_POINT('',#4878);
#1503=VERTEX_POINT('',#4886);
#1504=VERTEX_POINT('',#4889);
#1505=VERTEX_POINT('',#4894);
#1506=VERTEX_POINT('',#4898);
#1507=VERTEX_POINT('',#4904);
#1508=VERTEX_POINT('',#4905);
#1509=VERTEX_POINT('',#4910);
#1510=VERTEX_POINT('',#4915);
#1511=VERTEX_POINT('',#4922);
#1512=VERTEX_POINT('',#4923);
#1513=VERTEX_POINT('',#4929);
#1514=VERTEX_POINT('',#4934);
#1515=VERTEX_POINT('',#4940);
#1516=VERTEX_POINT('',#4941);
#1517=VERTEX_POINT('',#4946);
#1518=VERTEX_POINT('',#4950);
#1519=VERTEX_POINT('',#4956);
#1520=VERTEX_POINT('',#4957);
#1521=VERTEX_POINT('',#4959);
#1522=VERTEX_POINT('',#4961);
#1523=VERTEX_POINT('',#4965);
#1524=VERTEX_POINT('',#4967);
#1525=VERTEX_POINT('',#4971);
#1526=VERTEX_POINT('',#4973);
#1527=VERTEX_POINT('',#4977);
#1528=VERTEX_POINT('',#4979);
#1529=VERTEX_POINT('',#4983);
#1530=VERTEX_POINT('',#4985);
#1531=VERTEX_POINT('',#4993);
#1532=VERTEX_POINT('',#4999);
#1533=VERTEX_POINT('',#5006);
#1534=VERTEX_POINT('',#5008);
#1535=VERTEX_POINT('',#5012);
#1536=VERTEX_POINT('',#5016);
#1537=VERTEX_POINT('',#5020);
#1538=VERTEX_POINT('',#5024);
#1539=VERTEX_POINT('',#5028);
#1540=VERTEX_POINT('',#5032);
#1541=VERTEX_POINT('',#5036);
#1542=VERTEX_POINT('',#5040);
#1543=VERTEX_POINT('',#5044);
#1544=VERTEX_POINT('',#5048);
#1545=VERTEX_POINT('',#5055);
#1546=VERTEX_POINT('',#5060);
#1547=VERTEX_POINT('',#5065);
#1548=VERTEX_POINT('',#5070);
#1549=VERTEX_POINT('',#5075);
#1550=VERTEX_POINT('',#5077);
#1551=VERTEX_POINT('',#5082);
#1552=VERTEX_POINT('',#5084);
#1553=VERTEX_POINT('',#5089);
#1554=VERTEX_POINT('',#5090);
#1555=VERTEX_POINT('',#5092);
#1556=VERTEX_POINT('',#5094);
#1557=VERTEX_POINT('',#5099);
#1558=VERTEX_POINT('',#5100);
#1559=VERTEX_POINT('',#5102);
#1560=VERTEX_POINT('',#5105);
#1561=VERTEX_POINT('',#5109);
#1562=VERTEX_POINT('',#5110);
#1563=VERTEX_POINT('',#5123);
#1564=VERTEX_POINT('',#5124);
#1565=VERTEX_POINT('',#5126);
#1566=VERTEX_POINT('',#5128);
#1567=VERTEX_POINT('',#5134);
#1568=VERTEX_POINT('',#5136);
#1569=VERTEX_POINT('',#5140);
#1570=VERTEX_POINT('',#5142);
#1571=EDGE_CURVE('',#1279,#1280,#411,.T.);
#1572=EDGE_CURVE('',#1279,#1281,#412,.T.);
#1573=EDGE_CURVE('',#1281,#1282,#413,.T.);
#1574=EDGE_CURVE('',#1280,#1282,#414,.T.);
#1575=EDGE_CURVE('',#1283,#1279,#415,.T.);
#1576=EDGE_CURVE('',#1283,#1284,#416,.T.);
#1577=EDGE_CURVE('',#1284,#1281,#417,.T.);
#1578=EDGE_CURVE('',#1285,#1283,#418,.T.);
#1579=EDGE_CURVE('',#1286,#1285,#419,.T.);
#1580=EDGE_CURVE('',#1286,#1284,#420,.T.);
#1581=EDGE_CURVE('',#1282,#1286,#421,.T.);
#1582=EDGE_CURVE('',#1287,#1288,#422,.T.);
#1583=EDGE_CURVE('',#1287,#1289,#423,.T.);
#1584=EDGE_CURVE('',#1289,#1290,#424,.T.);
#1585=EDGE_CURVE('',#1288,#1290,#425,.T.);
#1586=EDGE_CURVE('',#1291,#1287,#426,.T.);
#1587=EDGE_CURVE('',#1291,#1292,#427,.T.);
#1588=EDGE_CURVE('',#1292,#1289,#428,.T.);
#1589=EDGE_CURVE('',#1293,#1291,#429,.T.);
#1590=EDGE_CURVE('',#1294,#1293,#430,.T.);
#1591=EDGE_CURVE('',#1294,#1292,#431,.T.);
#1592=EDGE_CURVE('',#1290,#1294,#432,.T.);
#1593=EDGE_CURVE('',#1295,#1285,#433,.T.);
#1594=EDGE_CURVE('',#1295,#1296,#434,.T.);
#1595=EDGE_CURVE('',#1296,#1297,#435,.T.);
#1596=EDGE_CURVE('',#1297,#1298,#436,.T.);
#1597=EDGE_CURVE('',#1298,#1299,#437,.T.);
#1598=EDGE_CURVE('',#1299,#1300,#438,.T.);
#1599=EDGE_CURVE('',#1300,#1301,#439,.T.);
#1600=EDGE_CURVE('',#1302,#1301,#440,.T.);
#1601=EDGE_CURVE('',#1280,#1302,#441,.T.);
#1602=EDGE_CURVE('',#1303,#1304,#442,.T.);
#1603=EDGE_CURVE('',#1305,#1303,#443,.T.);
#1604=EDGE_CURVE('',#1306,#1305,#444,.T.);
#1605=EDGE_CURVE('',#1306,#1304,#445,.T.);
#1606=EDGE_CURVE('',#1304,#1307,#446,.T.);
#1607=EDGE_CURVE('',#1308,#1306,#447,.T.);
#1608=EDGE_CURVE('',#1308,#1307,#448,.T.);
#1609=EDGE_CURVE('',#1307,#1309,#449,.T.);
#1610=EDGE_CURVE('',#1310,#1308,#450,.T.);
#1611=EDGE_CURVE('',#1310,#1309,#451,.T.);
#1612=EDGE_CURVE('',#1311,#1312,#452,.T.);
#1613=EDGE_CURVE('',#1313,#1311,#453,.T.);
#1614=EDGE_CURVE('',#1314,#1313,#454,.T.);
#1615=EDGE_CURVE('',#1314,#1312,#455,.T.);
#1616=EDGE_CURVE('',#1312,#1315,#456,.T.);
#1617=EDGE_CURVE('',#1316,#1314,#457,.T.);
#1618=EDGE_CURVE('',#1316,#1315,#458,.T.);
#1619=EDGE_CURVE('',#1317,#1311,#459,.T.);
#1620=EDGE_CURVE('',#1318,#1317,#460,.T.);
#1621=EDGE_CURVE('',#1313,#1318,#461,.T.);
#1622=EDGE_CURVE('',#1319,#1320,#462,.T.);
#1623=EDGE_CURVE('',#1321,#1319,#463,.T.);
#1624=EDGE_CURVE('',#1322,#1321,#464,.T.);
#1625=EDGE_CURVE('',#1322,#1320,#465,.T.);
#1626=EDGE_CURVE('',#1320,#1323,#466,.T.);
#1627=EDGE_CURVE('',#1324,#1322,#467,.T.);
#1628=EDGE_CURVE('',#1324,#1323,#468,.T.);
#1629=EDGE_CURVE('',#1323,#1325,#469,.T.);
#1630=EDGE_CURVE('',#1326,#1324,#470,.T.);
#1631=EDGE_CURVE('',#1326,#1325,#471,.T.);
#1632=EDGE_CURVE('',#1327,#1328,#472,.T.);
#1633=EDGE_CURVE('',#1329,#1327,#473,.T.);
#1634=EDGE_CURVE('',#1330,#1329,#474,.T.);
#1635=EDGE_CURVE('',#1330,#1328,#475,.T.);
#1636=EDGE_CURVE('',#1328,#1331,#476,.T.);
#1637=EDGE_CURVE('',#1332,#1330,#477,.T.);
#1638=EDGE_CURVE('',#1332,#1331,#478,.T.);
#1639=EDGE_CURVE('',#1331,#1333,#479,.T.);
#1640=EDGE_CURVE('',#1334,#1332,#480,.T.);
#1641=EDGE_CURVE('',#1334,#1333,#481,.T.);
#1642=EDGE_CURVE('',#1335,#1336,#482,.T.);
#1643=EDGE_CURVE('',#1335,#1337,#483,.T.);
#1644=EDGE_CURVE('',#1338,#1337,#484,.T.);
#1645=EDGE_CURVE('',#1336,#1338,#485,.T.);
#1646=EDGE_CURVE('',#1339,#1340,#486,.T.);
#1647=EDGE_CURVE('',#1339,#1341,#487,.T.);
#1648=EDGE_CURVE('',#1342,#1341,#488,.T.);
#1649=EDGE_CURVE('',#1340,#1342,#489,.T.);
#1650=EDGE_CURVE('',#1343,#1344,#490,.T.);
#1651=EDGE_CURVE('',#1343,#1345,#491,.T.);
#1652=EDGE_CURVE('',#1346,#1345,#492,.T.);
#1653=EDGE_CURVE('',#1344,#1346,#493,.T.);
#1654=EDGE_CURVE('',#1344,#1335,#494,.T.);
#1655=EDGE_CURVE('',#1337,#1346,#495,.T.);
#1656=EDGE_CURVE('',#1345,#1347,#496,.T.);
#1657=EDGE_CURVE('',#1347,#1348,#497,.T.);
#1658=EDGE_CURVE('',#1348,#1342,#498,.T.);
#1659=EDGE_CURVE('',#1341,#1338,#499,.T.);
#1660=EDGE_CURVE('',#1336,#1349,#500,.T.);
#1661=EDGE_CURVE('',#1349,#1344,#501,.T.);
#1662=EDGE_CURVE('',#1344,#1350,#502,.T.);
#1663=EDGE_CURVE('',#1350,#1351,#503,.T.);
#1664=EDGE_CURVE('',#1351,#1343,#504,.T.);
#1665=EDGE_CURVE('',#1352,#1353,#505,.T.);
#1666=EDGE_CURVE('',#1352,#1354,#506,.T.);
#1667=EDGE_CURVE('',#1355,#1354,#507,.T.);
#1668=EDGE_CURVE('',#1353,#1355,#508,.T.);
#1669=EDGE_CURVE('',#1356,#1357,#509,.T.);
#1670=EDGE_CURVE('',#1356,#1358,#510,.T.);
#1671=EDGE_CURVE('',#1359,#1358,#511,.T.);
#1672=EDGE_CURVE('',#1357,#1359,#512,.T.);
#1673=EDGE_CURVE('',#1357,#1360,#513,.T.);
#1674=EDGE_CURVE('',#1361,#1359,#514,.T.);
#1675=EDGE_CURVE('',#1360,#1361,#515,.T.);
#1676=EDGE_CURVE('',#1360,#1362,#516,.T.);
#1677=EDGE_CURVE('',#1363,#1361,#517,.T.);
#1678=EDGE_CURVE('',#1362,#1363,#518,.T.);
#1679=EDGE_CURVE('',#1364,#1363,#519,.T.);
#1680=EDGE_CURVE('',#1358,#1355,#520,.T.);
#1681=EDGE_CURVE('',#1354,#1365,#521,.T.);
#1682=EDGE_CURVE('',#1365,#1364,#522,.T.);
#1683=EDGE_CURVE('',#1362,#1366,#523,.T.);
#1684=EDGE_CURVE('',#1366,#1367,#524,.T.);
#1685=EDGE_CURVE('',#1367,#1360,#525,.T.);
#1686=EDGE_CURVE('',#1353,#1368,#526,.T.);
#1687=EDGE_CURVE('',#1368,#1367,#527,.T.);
#1688=EDGE_CURVE('',#1367,#1369,#528,.T.);
#1689=EDGE_CURVE('',#1369,#1370,#529,.T.);
#1690=EDGE_CURVE('',#1370,#1371,#530,.T.);
#1691=EDGE_CURVE('',#1371,#1372,#531,.T.);
#1692=EDGE_CURVE('',#1372,#1352,#532,.T.);
#1693=EDGE_CURVE('',#1373,#1356,#533,.T.);
#1694=EDGE_CURVE('',#1360,#1373,#534,.T.);
#1695=EDGE_CURVE('',#1374,#1375,#535,.T.);
#1696=EDGE_CURVE('',#1374,#1376,#536,.T.);
#1697=EDGE_CURVE('',#1377,#1376,#537,.T.);
#1698=EDGE_CURVE('',#1375,#1377,#538,.T.);
#1699=EDGE_CURVE('',#1378,#1379,#539,.T.);
#1700=EDGE_CURVE('',#1378,#1380,#540,.T.);
#1701=EDGE_CURVE('',#1381,#1380,#541,.T.);
#1702=EDGE_CURVE('',#1379,#1381,#542,.T.);
#1703=EDGE_CURVE('',#1379,#1382,#543,.T.);
#1704=EDGE_CURVE('',#1383,#1381,#544,.T.);
#1705=EDGE_CURVE('',#1382,#1383,#545,.T.);
#1706=EDGE_CURVE('',#1382,#1384,#546,.T.);
#1707=EDGE_CURVE('',#1385,#1383,#547,.T.);
#1708=EDGE_CURVE('',#1384,#1385,#548,.T.);
#1709=EDGE_CURVE('',#1384,#1374,#549,.T.);
#1710=EDGE_CURVE('',#1376,#1385,#550,.T.);
#1711=EDGE_CURVE('',#1380,#1386,#551,.T.);
#1712=EDGE_CURVE('',#1386,#1387,#552,.T.);
#1713=EDGE_CURVE('',#1387,#1377,#553,.T.);
#1714=EDGE_CURVE('',#1374,#1379,#554,.T.);
#1715=EDGE_CURVE('',#1375,#1388,#555,.T.);
#1716=EDGE_CURVE('',#1388,#1389,#556,.T.);
#1717=EDGE_CURVE('',#1389,#1374,#557,.T.);
#1718=EDGE_CURVE('',#1379,#1390,#558,.T.);
#1719=EDGE_CURVE('',#1390,#1391,#559,.T.);
#1720=EDGE_CURVE('',#1391,#1378,#560,.T.);
#1721=EDGE_CURVE('',#1392,#1350,#561,.T.);
#1722=EDGE_CURVE('',#1392,#1393,#562,.T.);
#1723=EDGE_CURVE('',#1394,#1393,#563,.T.);
#1724=EDGE_CURVE('',#1350,#1394,#564,.T.);
#1725=EDGE_CURVE('',#1395,#1394,#565,.T.);
#1726=EDGE_CURVE('',#1351,#1395,#566,.T.);
#1727=EDGE_CURVE('',#1396,#1397,#567,.T.);
#1728=EDGE_CURVE('',#1396,#1398,#568,.T.);
#1729=EDGE_CURVE('',#1399,#1398,#569,.T.);
#1730=EDGE_CURVE('',#1397,#1399,#570,.T.);
#1731=EDGE_CURVE('',#1397,#1400,#571,.T.);
#1732=EDGE_CURVE('',#1401,#1399,#572,.T.);
#1733=EDGE_CURVE('',#1400,#1401,#573,.T.);
#1734=EDGE_CURVE('',#1400,#1392,#574,.T.);
#1735=EDGE_CURVE('',#1393,#1401,#575,.T.);
#1736=EDGE_CURVE('',#1398,#1402,#576,.T.);
#1737=EDGE_CURVE('',#1402,#1403,#577,.T.);
#1738=EDGE_CURVE('',#1403,#1395,#578,.T.);
#1739=EDGE_CURVE('',#1340,#1396,#579,.T.);
#1740=EDGE_CURVE('',#1350,#1404,#580,.T.);
#1741=EDGE_CURVE('',#1404,#1339,#581,.T.);
#1742=EDGE_CURVE('',#1367,#1405,#582,.T.);
#1743=EDGE_CURVE('',#1406,#1405,#583,.T.);
#1744=EDGE_CURVE('',#1369,#1406,#584,.T.);
#1745=EDGE_CURVE('',#1407,#1406,#585,.T.);
#1746=EDGE_CURVE('',#1370,#1407,#586,.T.);
#1747=EDGE_CURVE('',#1408,#1407,#587,.T.);
#1748=EDGE_CURVE('',#1371,#1408,#588,.T.);
#1749=EDGE_CURVE('',#1409,#1408,#589,.T.);
#1750=EDGE_CURVE('',#1372,#1409,#590,.T.);
#1751=EDGE_CURVE('',#1366,#1410,#591,.T.);
#1752=EDGE_CURVE('',#1405,#1410,#592,.T.);
#1753=EDGE_CURVE('',#1410,#1411,#593,.T.);
#1754=EDGE_CURVE('',#1411,#1412,#594,.T.);
#1755=EDGE_CURVE('',#1412,#1409,#595,.T.);
#1756=EDGE_CURVE('',#1389,#1413,#596,.T.);
#1757=EDGE_CURVE('',#1389,#1414,#597,.T.);
#1758=EDGE_CURVE('',#1415,#1414,#598,.T.);
#1759=EDGE_CURVE('',#1413,#1415,#599,.T.);
#1760=EDGE_CURVE('',#1413,#1416,#600,.T.);
#1761=EDGE_CURVE('',#1417,#1415,#601,.T.);
#1762=EDGE_CURVE('',#1416,#1417,#602,.T.);
#1763=EDGE_CURVE('',#1416,#1390,#603,.T.);
#1764=EDGE_CURVE('',#1418,#1417,#604,.T.);
#1765=EDGE_CURVE('',#1390,#1418,#605,.T.);
#1766=EDGE_CURVE('',#1419,#1418,#606,.T.);
#1767=EDGE_CURVE('',#1391,#1419,#607,.T.);
#1768=EDGE_CURVE('',#1388,#1420,#608,.T.);
#1769=EDGE_CURVE('',#1414,#1420,#609,.T.);
#1770=EDGE_CURVE('',#1420,#1421,#610,.T.);
#1771=EDGE_CURVE('',#1421,#1422,#611,.T.);
#1772=EDGE_CURVE('',#1422,#1419,#612,.T.);
#1773=EDGE_CURVE('',#1390,#1389,#613,.T.);
#1774=EDGE_CURVE('',#1423,#1424,#614,.T.);
#1775=EDGE_CURVE('',#1423,#1367,#615,.T.);
#1776=EDGE_CURVE('',#1424,#1368,#616,.T.);
#1777=EDGE_CURVE('',#1424,#1425,#617,.T.);
#1778=EDGE_CURVE('',#1425,#1373,#618,.T.);
#1779=EDGE_CURVE('',#1425,#1426,#619,.T.);
#1780=EDGE_CURVE('',#1426,#1360,#620,.T.);
#1781=EDGE_CURVE('',#1426,#1423,#621,.T.);
#1782=EDGE_CURVE('',#1427,#1428,#622,.T.);
#1783=EDGE_CURVE('',#1427,#1412,#623,.T.);
#1784=EDGE_CURVE('',#1428,#1411,#624,.T.);
#1785=EDGE_CURVE('',#1429,#1430,#625,.T.);
#1786=EDGE_CURVE('',#1429,#1364,#626,.T.);
#1787=EDGE_CURVE('',#1430,#1365,#627,.T.);
#1788=EDGE_CURVE('',#1430,#1427,#628,.T.);
#1789=EDGE_CURVE('',#1428,#1431,#629,.T.);
#1790=EDGE_CURVE('',#1431,#1432,#43,.T.);
#1791=EDGE_CURVE('',#1432,#1433,#630,.T.);
#1792=EDGE_CURVE('',#1433,#1434,#631,.T.);
#1793=EDGE_CURVE('',#1434,#1435,#632,.T.);
#1794=EDGE_CURVE('',#1435,#1436,#633,.T.);
#1795=EDGE_CURVE('',#1436,#1437,#634,.T.);
#1796=EDGE_CURVE('',#1437,#1438,#44,.T.);
#1797=EDGE_CURVE('',#1438,#1439,#635,.T.);
#1798=EDGE_CURVE('',#1439,#1440,#636,.T.);
#1799=EDGE_CURVE('',#1440,#1441,#637,.T.);
#1800=EDGE_CURVE('',#1441,#1442,#638,.T.);
#1801=EDGE_CURVE('',#1442,#1443,#639,.T.);
#1802=EDGE_CURVE('',#1443,#1444,#640,.T.);
#1803=EDGE_CURVE('',#1444,#1429,#641,.T.);
#1804=EDGE_CURVE('',#1445,#1445,#45,.T.);
#1805=EDGE_CURVE('',#1446,#1446,#46,.T.);
#1806=EDGE_CURVE('',#1447,#1447,#47,.T.);
#1807=EDGE_CURVE('',#1448,#1448,#48,.T.);
#1808=EDGE_CURVE('',#1449,#1450,#642,.T.);
#1809=EDGE_CURVE('',#1450,#1451,#643,.T.);
#1810=EDGE_CURVE('',#1451,#1452,#644,.T.);
#1811=EDGE_CURVE('',#1452,#1453,#645,.T.);
#1812=EDGE_CURVE('',#1453,#1454,#646,.T.);
#1813=EDGE_CURVE('',#1454,#1455,#647,.T.);
#1814=EDGE_CURVE('',#1455,#1456,#648,.T.);
#1815=EDGE_CURVE('',#1456,#1457,#649,.T.);
#1816=EDGE_CURVE('',#1457,#1458,#650,.T.);
#1817=EDGE_CURVE('',#1458,#1459,#651,.T.);
#1818=EDGE_CURVE('',#1459,#1460,#652,.T.);
#1819=EDGE_CURVE('',#1460,#1449,#653,.T.);
#1820=EDGE_CURVE('',#1461,#1462,#654,.T.);
#1821=EDGE_CURVE('',#1461,#1390,#655,.T.);
#1822=EDGE_CURVE('',#1462,#1379,#656,.T.);
#1823=EDGE_CURVE('',#1462,#1463,#657,.T.);
#1824=EDGE_CURVE('',#1463,#1374,#658,.T.);
#1825=EDGE_CURVE('',#1463,#1464,#659,.T.);
#1826=EDGE_CURVE('',#1464,#1389,#660,.T.);
#1827=EDGE_CURVE('',#1464,#1461,#661,.T.);
#1828=EDGE_CURVE('',#1433,#1387,#662,.T.);
#1829=EDGE_CURVE('',#1434,#1386,#663,.T.);
#1830=EDGE_CURVE('',#1435,#1422,#664,.T.);
#1831=EDGE_CURVE('',#1436,#1421,#665,.T.);
#1832=EDGE_CURVE('',#1465,#1466,#666,.T.);
#1833=EDGE_CURVE('',#1465,#1350,#667,.T.);
#1834=EDGE_CURVE('',#1466,#1344,#668,.T.);
#1835=EDGE_CURVE('',#1466,#1467,#669,.T.);
#1836=EDGE_CURVE('',#1467,#1349,#670,.T.);
#1837=EDGE_CURVE('',#1467,#1468,#671,.T.);
#1838=EDGE_CURVE('',#1468,#1404,#672,.T.);
#1839=EDGE_CURVE('',#1468,#1465,#673,.T.);
#1840=EDGE_CURVE('',#1441,#1348,#674,.T.);
#1841=EDGE_CURVE('',#1442,#1347,#675,.T.);
#1842=EDGE_CURVE('',#1439,#1403,#676,.T.);
#1843=EDGE_CURVE('',#1440,#1402,#677,.T.);
#1844=EDGE_CURVE('',#1469,#1470,#678,.T.);
#1845=EDGE_CURVE('',#1471,#1469,#679,.T.);
#1846=EDGE_CURVE('',#1472,#1471,#680,.T.);
#1847=EDGE_CURVE('',#1472,#1470,#681,.T.);
#1848=EDGE_CURVE('',#1470,#1473,#682,.T.);
#1849=EDGE_CURVE('',#1474,#1472,#683,.T.);
#1850=EDGE_CURVE('',#1474,#1473,#684,.T.);
#1851=EDGE_CURVE('',#1475,#1469,#685,.T.);
#1852=EDGE_CURVE('',#1476,#1475,#686,.T.);
#1853=EDGE_CURVE('',#1471,#1476,#687,.T.);
#1854=EDGE_CURVE('',#1473,#1296,#688,.T.);
#1855=EDGE_CURVE('',#1477,#1295,#689,.T.);
#1856=EDGE_CURVE('',#1477,#1478,#690,.T.);
#1857=EDGE_CURVE('',#1478,#1475,#691,.T.);
#1858=EDGE_CURVE('',#1479,#1480,#692,.T.);
#1859=EDGE_CURVE('',#1480,#1481,#693,.T.);
#1860=EDGE_CURVE('',#1481,#1482,#694,.T.);
#1861=EDGE_CURVE('',#1482,#1479,#695,.T.);
#1862=EDGE_CURVE('',#1483,#1484,#696,.T.);
#1863=EDGE_CURVE('',#1484,#1485,#697,.T.);
#1864=EDGE_CURVE('',#1485,#1486,#698,.T.);
#1865=EDGE_CURVE('',#1486,#1483,#699,.T.);
#1866=EDGE_CURVE('',#1487,#1488,#700,.T.);
#1867=EDGE_CURVE('',#1488,#1489,#701,.T.);
#1868=EDGE_CURVE('',#1489,#1490,#702,.T.);
#1869=EDGE_CURVE('',#1490,#1487,#703,.T.);
#1870=EDGE_CURVE('',#1491,#1492,#704,.T.);
#1871=EDGE_CURVE('',#1492,#1493,#705,.T.);
#1872=EDGE_CURVE('',#1493,#1494,#706,.T.);
#1873=EDGE_CURVE('',#1494,#1491,#707,.T.);
#1874=EDGE_CURVE('',#1495,#1496,#708,.T.);
#1875=EDGE_CURVE('',#1496,#1497,#709,.T.);
#1876=EDGE_CURVE('',#1497,#1498,#710,.T.);
#1877=EDGE_CURVE('',#1498,#1495,#711,.T.);
#1878=EDGE_CURVE('',#1499,#1500,#712,.T.);
#1879=EDGE_CURVE('',#1499,#1483,#713,.T.);
#1880=EDGE_CURVE('',#1500,#1486,#714,.T.);
#1881=EDGE_CURVE('',#1500,#1501,#715,.T.);
#1882=EDGE_CURVE('',#1501,#1485,#716,.T.);
#1883=EDGE_CURVE('',#1501,#1502,#717,.T.);
#1884=EDGE_CURVE('',#1502,#1484,#718,.T.);
#1885=EDGE_CURVE('',#1502,#1316,#719,.T.);
#1886=EDGE_CURVE('',#1318,#1499,#720,.T.);
#1887=EDGE_CURVE('',#1315,#1317,#721,.T.);
#1888=EDGE_CURVE('',#1503,#1310,#722,.T.);
#1889=EDGE_CURVE('',#1503,#1491,#723,.T.);
#1890=EDGE_CURVE('',#1504,#1494,#724,.T.);
#1891=EDGE_CURVE('',#1305,#1504,#725,.T.);
#1892=EDGE_CURVE('',#1309,#1303,#726,.T.);
#1893=EDGE_CURVE('',#1504,#1505,#727,.T.);
#1894=EDGE_CURVE('',#1505,#1493,#728,.T.);
#1895=EDGE_CURVE('',#1505,#1506,#729,.T.);
#1896=EDGE_CURVE('',#1506,#1492,#730,.T.);
#1897=EDGE_CURVE('',#1506,#1503,#731,.T.);
#1898=EDGE_CURVE('',#1507,#1508,#732,.T.);
#1899=EDGE_CURVE('',#1507,#1487,#733,.T.);
#1900=EDGE_CURVE('',#1508,#1490,#734,.T.);
#1901=EDGE_CURVE('',#1508,#1509,#735,.T.);
#1902=EDGE_CURVE('',#1509,#1489,#736,.T.);
#1903=EDGE_CURVE('',#1509,#1334,#737,.T.);
#1904=EDGE_CURVE('',#1510,#1488,#738,.T.);
#1905=EDGE_CURVE('',#1329,#1510,#739,.T.);
#1906=EDGE_CURVE('',#1333,#1327,#740,.T.);
#1907=EDGE_CURVE('',#1510,#1507,#741,.T.);
#1908=EDGE_CURVE('',#1511,#1512,#742,.T.);
#1909=EDGE_CURVE('',#1511,#1479,#743,.T.);
#1910=EDGE_CURVE('',#1512,#1482,#744,.T.);
#1911=EDGE_CURVE('',#1512,#1326,#745,.T.);
#1912=EDGE_CURVE('',#1513,#1481,#746,.T.);
#1913=EDGE_CURVE('',#1321,#1513,#747,.T.);
#1914=EDGE_CURVE('',#1325,#1319,#748,.T.);
#1915=EDGE_CURVE('',#1513,#1514,#749,.T.);
#1916=EDGE_CURVE('',#1514,#1480,#750,.T.);
#1917=EDGE_CURVE('',#1514,#1511,#751,.T.);
#1918=EDGE_CURVE('',#1515,#1516,#752,.T.);
#1919=EDGE_CURVE('',#1515,#1495,#753,.T.);
#1920=EDGE_CURVE('',#1516,#1498,#754,.T.);
#1921=EDGE_CURVE('',#1516,#1517,#755,.T.);
#1922=EDGE_CURVE('',#1517,#1497,#756,.T.);
#1923=EDGE_CURVE('',#1517,#1518,#757,.T.);
#1924=EDGE_CURVE('',#1518,#1496,#758,.T.);
#1925=EDGE_CURVE('',#1518,#1515,#759,.T.);
#1926=EDGE_CURVE('',#1519,#1520,#760,.T.);
#1927=EDGE_CURVE('',#1521,#1519,#761,.T.);
#1928=EDGE_CURVE('',#1522,#1521,#762,.T.);
#1929=EDGE_CURVE('',#1522,#1520,#763,.T.);
#1930=EDGE_CURVE('',#1299,#1523,#764,.T.);
#1931=EDGE_CURVE('',#1524,#1523,#765,.T.);
#1932=EDGE_CURVE('',#1300,#1524,#766,.T.);
#1933=EDGE_CURVE('',#1520,#1525,#767,.T.);
#1934=EDGE_CURVE('',#1526,#1522,#768,.T.);
#1935=EDGE_CURVE('',#1526,#1525,#769,.T.);
#1936=EDGE_CURVE('',#1525,#1527,#770,.T.);
#1937=EDGE_CURVE('',#1528,#1526,#771,.T.);
#1938=EDGE_CURVE('',#1528,#1527,#772,.T.);
#1939=EDGE_CURVE('',#1297,#1529,#773,.T.);
#1940=EDGE_CURVE('',#1530,#1529,#774,.T.);
#1941=EDGE_CURVE('',#1298,#1530,#775,.T.);
#1942=EDGE_CURVE('',#1523,#1530,#776,.T.);
#1943=EDGE_CURVE('',#1527,#1478,#777,.T.);
#1944=EDGE_CURVE('',#1521,#1528,#778,.T.);
#1945=EDGE_CURVE('',#1531,#1519,#779,.T.);
#1946=EDGE_CURVE('',#1301,#1531,#780,.T.);
#1947=EDGE_CURVE('',#1529,#1524,#781,.T.);
#1948=EDGE_CURVE('',#1476,#1474,#782,.T.);
#1949=EDGE_CURVE('',#1532,#1293,#783,.T.);
#1950=EDGE_CURVE('',#1532,#1531,#784,.T.);
#1951=EDGE_CURVE('',#1288,#1477,#785,.T.);
#1952=EDGE_CURVE('',#1302,#1532,#786,.T.);
#1953=EDGE_CURVE('',#1449,#1533,#787,.T.);
#1954=EDGE_CURVE('',#1533,#1534,#788,.T.);
#1955=EDGE_CURVE('',#1450,#1534,#789,.T.);
#1956=EDGE_CURVE('',#1460,#1535,#790,.T.);
#1957=EDGE_CURVE('',#1535,#1533,#791,.T.);
#1958=EDGE_CURVE('',#1459,#1536,#792,.T.);
#1959=EDGE_CURVE('',#1536,#1535,#793,.T.);
#1960=EDGE_CURVE('',#1458,#1537,#794,.T.);
#1961=EDGE_CURVE('',#1537,#1536,#795,.T.);
#1962=EDGE_CURVE('',#1457,#1538,#796,.T.);
#1963=EDGE_CURVE('',#1538,#1537,#797,.T.);
#1964=EDGE_CURVE('',#1456,#1539,#798,.T.);
#1965=EDGE_CURVE('',#1539,#1538,#799,.T.);
#1966=EDGE_CURVE('',#1455,#1540,#800,.T.);
#1967=EDGE_CURVE('',#1540,#1539,#801,.T.);
#1968=EDGE_CURVE('',#1454,#1541,#802,.T.);
#1969=EDGE_CURVE('',#1541,#1540,#803,.T.);
#1970=EDGE_CURVE('',#1453,#1542,#804,.T.);
#1971=EDGE_CURVE('',#1542,#1541,#805,.T.);
#1972=EDGE_CURVE('',#1452,#1543,#806,.T.);
#1973=EDGE_CURVE('',#1543,#1542,#807,.T.);
#1974=EDGE_CURVE('',#1451,#1544,#808,.T.);
#1975=EDGE_CURVE('',#1544,#1543,#809,.T.);
#1976=EDGE_CURVE('',#1534,#1544,#810,.T.);
#1977=EDGE_CURVE('',#1545,#1545,#49,.T.);
#1978=EDGE_CURVE('',#1545,#1448,#811,.T.);
#1979=EDGE_CURVE('',#1546,#1546,#50,.T.);
#1980=EDGE_CURVE('',#1546,#1447,#812,.T.);
#1981=EDGE_CURVE('',#1547,#1547,#51,.T.);
#1982=EDGE_CURVE('',#1547,#1446,#813,.T.);
#1983=EDGE_CURVE('',#1548,#1548,#52,.T.);
#1984=EDGE_CURVE('',#1548,#1445,#814,.T.);
#1985=EDGE_CURVE('',#1549,#1549,#53,.T.);
#1986=EDGE_CURVE('',#1549,#1550,#815,.T.);
#1987=EDGE_CURVE('',#1550,#1550,#54,.T.);
#1988=EDGE_CURVE('',#1551,#1551,#55,.T.);
#1989=EDGE_CURVE('',#1551,#1552,#816,.T.);
#1990=EDGE_CURVE('',#1552,#1552,#56,.T.);
#1991=EDGE_CURVE('',#1553,#1554,#817,.T.);
#1992=EDGE_CURVE('',#1554,#1555,#818,.T.);
#1993=EDGE_CURVE('',#1556,#1555,#819,.T.);
#1994=EDGE_CURVE('',#1556,#1443,#820,.T.);
#1995=EDGE_CURVE('',#1553,#1438,#821,.T.);
#1996=EDGE_CURVE('',#1557,#1558,#822,.T.);
#1997=EDGE_CURVE('',#1558,#1559,#823,.T.);
#1998=EDGE_CURVE('',#1559,#1431,#824,.T.);
#1999=EDGE_CURVE('',#1560,#1444,#825,.T.);
#2000=EDGE_CURVE('',#1560,#1557,#826,.T.);
#2001=EDGE_CURVE('',#1561,#1562,#827,.T.);
#2002=EDGE_CURVE('',#1559,#1561,#57,.T.);
#2003=EDGE_CURVE('',#1554,#1558,#828,.T.);
#2004=EDGE_CURVE('',#1562,#1553,#58,.T.);
#2005=EDGE_CURVE('',#1555,#1557,#829,.T.);
#2006=EDGE_CURVE('',#1561,#1432,#830,.T.);
#2007=EDGE_CURVE('',#1562,#1437,#831,.T.);
#2008=EDGE_CURVE('',#1563,#1564,#832,.T.);
#2009=EDGE_CURVE('',#1565,#1564,#833,.T.);
#2010=EDGE_CURVE('',#1566,#1565,#834,.T.);
#2011=EDGE_CURVE('',#1566,#1560,#835,.T.);
#2012=EDGE_CURVE('',#1556,#1563,#836,.T.);
#2013=EDGE_CURVE('',#1567,#1563,#837,.T.);
#2014=EDGE_CURVE('',#1567,#1568,#838,.T.);
#2015=EDGE_CURVE('',#1564,#1568,#839,.T.);
#2016=EDGE_CURVE('',#1566,#1569,#840,.T.);
#2017=EDGE_CURVE('',#1570,#1565,#841,.T.);
#2018=EDGE_CURVE('',#1569,#1570,#842,.T.);
#2019=EDGE_CURVE('',#1569,#1567,#843,.T.);
#2020=EDGE_CURVE('',#1568,#1570,#844,.T.);
#2021=ORIENTED_EDGE('',*,*,#1571,.F.);
#2022=ORIENTED_EDGE('',*,*,#1572,.T.);
#2023=ORIENTED_EDGE('',*,*,#1573,.T.);
#2024=ORIENTED_EDGE('',*,*,#1574,.F.);
#2025=ORIENTED_EDGE('',*,*,#1575,.F.);
#2026=ORIENTED_EDGE('',*,*,#1576,.T.);
#2027=ORIENTED_EDGE('',*,*,#1577,.T.);
#2028=ORIENTED_EDGE('',*,*,#1572,.F.);
#2029=ORIENTED_EDGE('',*,*,#1578,.F.);
#2030=ORIENTED_EDGE('',*,*,#1579,.F.);
#2031=ORIENTED_EDGE('',*,*,#1580,.T.);
#2032=ORIENTED_EDGE('',*,*,#1576,.F.);
#2033=ORIENTED_EDGE('',*,*,#1581,.F.);
#2034=ORIENTED_EDGE('',*,*,#1573,.F.);
#2035=ORIENTED_EDGE('',*,*,#1577,.F.);
#2036=ORIENTED_EDGE('',*,*,#1580,.F.);
#2037=ORIENTED_EDGE('',*,*,#1582,.F.);
#2038=ORIENTED_EDGE('',*,*,#1583,.T.);
#2039=ORIENTED_EDGE('',*,*,#1584,.T.);
#2040=ORIENTED_EDGE('',*,*,#1585,.F.);
#2041=ORIENTED_EDGE('',*,*,#1586,.F.);
#2042=ORIENTED_EDGE('',*,*,#1587,.T.);
#2043=ORIENTED_EDGE('',*,*,#1588,.T.);
#2044=ORIENTED_EDGE('',*,*,#1583,.F.);
#2045=ORIENTED_EDGE('',*,*,#1589,.F.);
#2046=ORIENTED_EDGE('',*,*,#1590,.F.);
#2047=ORIENTED_EDGE('',*,*,#1591,.T.);
#2048=ORIENTED_EDGE('',*,*,#1587,.F.);
#2049=ORIENTED_EDGE('',*,*,#1591,.F.);
#2050=ORIENTED_EDGE('',*,*,#1592,.F.);
#2051=ORIENTED_EDGE('',*,*,#1584,.F.);
#2052=ORIENTED_EDGE('',*,*,#1588,.F.);
#2053=ORIENTED_EDGE('',*,*,#1574,.T.);
#2054=ORIENTED_EDGE('',*,*,#1581,.T.);
#2055=ORIENTED_EDGE('',*,*,#1579,.T.);
#2056=ORIENTED_EDGE('',*,*,#1593,.F.);
#2057=ORIENTED_EDGE('',*,*,#1594,.T.);
#2058=ORIENTED_EDGE('',*,*,#1595,.T.);
#2059=ORIENTED_EDGE('',*,*,#1596,.T.);
#2060=ORIENTED_EDGE('',*,*,#1597,.T.);
#2061=ORIENTED_EDGE('',*,*,#1598,.T.);
#2062=ORIENTED_EDGE('',*,*,#1599,.T.);
#2063=ORIENTED_EDGE('',*,*,#1600,.F.);
#2064=ORIENTED_EDGE('',*,*,#1601,.F.);
#2065=ORIENTED_EDGE('',*,*,#1602,.F.);
#2066=ORIENTED_EDGE('',*,*,#1603,.F.);
#2067=ORIENTED_EDGE('',*,*,#1604,.F.);
#2068=ORIENTED_EDGE('',*,*,#1605,.T.);
#2069=ORIENTED_EDGE('',*,*,#1606,.F.);
#2070=ORIENTED_EDGE('',*,*,#1605,.F.);
#2071=ORIENTED_EDGE('',*,*,#1607,.F.);
#2072=ORIENTED_EDGE('',*,*,#1608,.T.);
#2073=ORIENTED_EDGE('',*,*,#1609,.F.);
#2074=ORIENTED_EDGE('',*,*,#1608,.F.);
#2075=ORIENTED_EDGE('',*,*,#1610,.F.);
#2076=ORIENTED_EDGE('',*,*,#1611,.T.);
#2077=ORIENTED_EDGE('',*,*,#1612,.F.);
#2078=ORIENTED_EDGE('',*,*,#1613,.F.);
#2079=ORIENTED_EDGE('',*,*,#1614,.F.);
#2080=ORIENTED_EDGE('',*,*,#1615,.T.);
#2081=ORIENTED_EDGE('',*,*,#1616,.F.);
#2082=ORIENTED_EDGE('',*,*,#1615,.F.);
#2083=ORIENTED_EDGE('',*,*,#1617,.F.);
#2084=ORIENTED_EDGE('',*,*,#1618,.T.);
#2085=ORIENTED_EDGE('',*,*,#1619,.F.);
#2086=ORIENTED_EDGE('',*,*,#1620,.F.);
#2087=ORIENTED_EDGE('',*,*,#1621,.F.);
#2088=ORIENTED_EDGE('',*,*,#1613,.T.);
#2089=ORIENTED_EDGE('',*,*,#1622,.F.);
#2090=ORIENTED_EDGE('',*,*,#1623,.F.);
#2091=ORIENTED_EDGE('',*,*,#1624,.F.);
#2092=ORIENTED_EDGE('',*,*,#1625,.T.);
#2093=ORIENTED_EDGE('',*,*,#1626,.F.);
#2094=ORIENTED_EDGE('',*,*,#1625,.F.);
#2095=ORIENTED_EDGE('',*,*,#1627,.F.);
#2096=ORIENTED_EDGE('',*,*,#1628,.T.);
#2097=ORIENTED_EDGE('',*,*,#1629,.F.);
#2098=ORIENTED_EDGE('',*,*,#1628,.F.);
#2099=ORIENTED_EDGE('',*,*,#1630,.F.);
#2100=ORIENTED_EDGE('',*,*,#1631,.T.);
#2101=ORIENTED_EDGE('',*,*,#1632,.F.);
#2102=ORIENTED_EDGE('',*,*,#1633,.F.);
#2103=ORIENTED_EDGE('',*,*,#1634,.F.);
#2104=ORIENTED_EDGE('',*,*,#1635,.T.);
#2105=ORIENTED_EDGE('',*,*,#1636,.F.);
#2106=ORIENTED_EDGE('',*,*,#1635,.F.);
#2107=ORIENTED_EDGE('',*,*,#1637,.F.);
#2108=ORIENTED_EDGE('',*,*,#1638,.T.);
#2109=ORIENTED_EDGE('',*,*,#1639,.F.);
#2110=ORIENTED_EDGE('',*,*,#1638,.F.);
#2111=ORIENTED_EDGE('',*,*,#1640,.F.);
#2112=ORIENTED_EDGE('',*,*,#1641,.T.);
#2113=ORIENTED_EDGE('',*,*,#1642,.F.);
#2114=ORIENTED_EDGE('',*,*,#1643,.T.);
#2115=ORIENTED_EDGE('',*,*,#1644,.F.);
#2116=ORIENTED_EDGE('',*,*,#1645,.F.);
#2117=ORIENTED_EDGE('',*,*,#1646,.F.);
#2118=ORIENTED_EDGE('',*,*,#1647,.T.);
#2119=ORIENTED_EDGE('',*,*,#1648,.F.);
#2120=ORIENTED_EDGE('',*,*,#1649,.F.);
#2121=ORIENTED_EDGE('',*,*,#1650,.F.);
#2122=ORIENTED_EDGE('',*,*,#1651,.T.);
#2123=ORIENTED_EDGE('',*,*,#1652,.F.);
#2124=ORIENTED_EDGE('',*,*,#1653,.F.);
#2125=ORIENTED_EDGE('',*,*,#1654,.F.);
#2126=ORIENTED_EDGE('',*,*,#1653,.T.);
#2127=ORIENTED_EDGE('',*,*,#1655,.F.);
#2128=ORIENTED_EDGE('',*,*,#1643,.F.);
#2129=ORIENTED_EDGE('',*,*,#1655,.T.);
#2130=ORIENTED_EDGE('',*,*,#1652,.T.);
#2131=ORIENTED_EDGE('',*,*,#1656,.T.);
#2132=ORIENTED_EDGE('',*,*,#1657,.T.);
#2133=ORIENTED_EDGE('',*,*,#1658,.T.);
#2134=ORIENTED_EDGE('',*,*,#1648,.T.);
#2135=ORIENTED_EDGE('',*,*,#1659,.T.);
#2136=ORIENTED_EDGE('',*,*,#1644,.T.);
#2137=ORIENTED_EDGE('',*,*,#1660,.T.);
#2138=ORIENTED_EDGE('',*,*,#1661,.T.);
#2139=ORIENTED_EDGE('',*,*,#1654,.T.);
#2140=ORIENTED_EDGE('',*,*,#1642,.T.);
#2141=ORIENTED_EDGE('',*,*,#1650,.T.);
#2142=ORIENTED_EDGE('',*,*,#1662,.T.);
#2143=ORIENTED_EDGE('',*,*,#1663,.T.);
#2144=ORIENTED_EDGE('',*,*,#1664,.T.);
#2145=ORIENTED_EDGE('',*,*,#1665,.F.);
#2146=ORIENTED_EDGE('',*,*,#1666,.T.);
#2147=ORIENTED_EDGE('',*,*,#1667,.F.);
#2148=ORIENTED_EDGE('',*,*,#1668,.F.);
#2149=ORIENTED_EDGE('',*,*,#1669,.F.);
#2150=ORIENTED_EDGE('',*,*,#1670,.T.);
#2151=ORIENTED_EDGE('',*,*,#1671,.F.);
#2152=ORIENTED_EDGE('',*,*,#1672,.F.);
#2153=ORIENTED_EDGE('',*,*,#1673,.F.);
#2154=ORIENTED_EDGE('',*,*,#1672,.T.);
#2155=ORIENTED_EDGE('',*,*,#1674,.F.);
#2156=ORIENTED_EDGE('',*,*,#1675,.F.);
#2157=ORIENTED_EDGE('',*,*,#1676,.F.);
#2158=ORIENTED_EDGE('',*,*,#1675,.T.);
#2159=ORIENTED_EDGE('',*,*,#1677,.F.);
#2160=ORIENTED_EDGE('',*,*,#1678,.F.);
#2161=ORIENTED_EDGE('',*,*,#1679,.T.);
#2162=ORIENTED_EDGE('',*,*,#1677,.T.);
#2163=ORIENTED_EDGE('',*,*,#1674,.T.);
#2164=ORIENTED_EDGE('',*,*,#1671,.T.);
#2165=ORIENTED_EDGE('',*,*,#1680,.T.);
#2166=ORIENTED_EDGE('',*,*,#1667,.T.);
#2167=ORIENTED_EDGE('',*,*,#1681,.T.);
#2168=ORIENTED_EDGE('',*,*,#1682,.T.);
#2169=ORIENTED_EDGE('',*,*,#1676,.T.);
#2170=ORIENTED_EDGE('',*,*,#1683,.T.);
#2171=ORIENTED_EDGE('',*,*,#1684,.T.);
#2172=ORIENTED_EDGE('',*,*,#1685,.T.);
#2173=ORIENTED_EDGE('',*,*,#1665,.T.);
#2174=ORIENTED_EDGE('',*,*,#1686,.T.);
#2175=ORIENTED_EDGE('',*,*,#1687,.T.);
#2176=ORIENTED_EDGE('',*,*,#1688,.T.);
#2177=ORIENTED_EDGE('',*,*,#1689,.T.);
#2178=ORIENTED_EDGE('',*,*,#1690,.T.);
#2179=ORIENTED_EDGE('',*,*,#1691,.T.);
#2180=ORIENTED_EDGE('',*,*,#1692,.T.);
#2181=ORIENTED_EDGE('',*,*,#1693,.T.);
#2182=ORIENTED_EDGE('',*,*,#1669,.T.);
#2183=ORIENTED_EDGE('',*,*,#1673,.T.);
#2184=ORIENTED_EDGE('',*,*,#1694,.T.);
#2185=ORIENTED_EDGE('',*,*,#1695,.F.);
#2186=ORIENTED_EDGE('',*,*,#1696,.T.);
#2187=ORIENTED_EDGE('',*,*,#1697,.F.);
#2188=ORIENTED_EDGE('',*,*,#1698,.F.);
#2189=ORIENTED_EDGE('',*,*,#1699,.F.);
#2190=ORIENTED_EDGE('',*,*,#1700,.T.);
#2191=ORIENTED_EDGE('',*,*,#1701,.F.);
#2192=ORIENTED_EDGE('',*,*,#1702,.F.);
#2193=ORIENTED_EDGE('',*,*,#1703,.F.);
#2194=ORIENTED_EDGE('',*,*,#1702,.T.);
#2195=ORIENTED_EDGE('',*,*,#1704,.F.);
#2196=ORIENTED_EDGE('',*,*,#1705,.F.);
#2197=ORIENTED_EDGE('',*,*,#1706,.F.);
#2198=ORIENTED_EDGE('',*,*,#1705,.T.);
#2199=ORIENTED_EDGE('',*,*,#1707,.F.);
#2200=ORIENTED_EDGE('',*,*,#1708,.F.);
#2201=ORIENTED_EDGE('',*,*,#1709,.F.);
#2202=ORIENTED_EDGE('',*,*,#1708,.T.);
#2203=ORIENTED_EDGE('',*,*,#1710,.F.);
#2204=ORIENTED_EDGE('',*,*,#1696,.F.);
#2205=ORIENTED_EDGE('',*,*,#1710,.T.);
#2206=ORIENTED_EDGE('',*,*,#1707,.T.);
#2207=ORIENTED_EDGE('',*,*,#1704,.T.);
#2208=ORIENTED_EDGE('',*,*,#1701,.T.);
#2209=ORIENTED_EDGE('',*,*,#1711,.T.);
#2210=ORIENTED_EDGE('',*,*,#1712,.T.);
#2211=ORIENTED_EDGE('',*,*,#1713,.T.);
#2212=ORIENTED_EDGE('',*,*,#1697,.T.);
#2213=ORIENTED_EDGE('',*,*,#1703,.T.);
#2214=ORIENTED_EDGE('',*,*,#1706,.T.);
#2215=ORIENTED_EDGE('',*,*,#1709,.T.);
#2216=ORIENTED_EDGE('',*,*,#1714,.T.);
#2217=ORIENTED_EDGE('',*,*,#1695,.T.);
#2218=ORIENTED_EDGE('',*,*,#1715,.T.);
#2219=ORIENTED_EDGE('',*,*,#1716,.T.);
#2220=ORIENTED_EDGE('',*,*,#1717,.T.);
#2221=ORIENTED_EDGE('',*,*,#1699,.T.);
#2222=ORIENTED_EDGE('',*,*,#1718,.T.);
#2223=ORIENTED_EDGE('',*,*,#1719,.T.);
#2224=ORIENTED_EDGE('',*,*,#1720,.T.);
#2225=ORIENTED_EDGE('',*,*,#1721,.F.);
#2226=ORIENTED_EDGE('',*,*,#1722,.T.);
#2227=ORIENTED_EDGE('',*,*,#1723,.F.);
#2228=ORIENTED_EDGE('',*,*,#1724,.F.);
#2229=ORIENTED_EDGE('',*,*,#1663,.F.);
#2230=ORIENTED_EDGE('',*,*,#1724,.T.);
#2231=ORIENTED_EDGE('',*,*,#1725,.F.);
#2232=ORIENTED_EDGE('',*,*,#1726,.F.);
#2233=ORIENTED_EDGE('',*,*,#1727,.F.);
#2234=ORIENTED_EDGE('',*,*,#1728,.T.);
#2235=ORIENTED_EDGE('',*,*,#1729,.F.);
#2236=ORIENTED_EDGE('',*,*,#1730,.F.);
#2237=ORIENTED_EDGE('',*,*,#1731,.F.);
#2238=ORIENTED_EDGE('',*,*,#1730,.T.);
#2239=ORIENTED_EDGE('',*,*,#1732,.F.);
#2240=ORIENTED_EDGE('',*,*,#1733,.F.);
#2241=ORIENTED_EDGE('',*,*,#1734,.F.);
#2242=ORIENTED_EDGE('',*,*,#1733,.T.);
#2243=ORIENTED_EDGE('',*,*,#1735,.F.);
#2244=ORIENTED_EDGE('',*,*,#1722,.F.);
#2245=ORIENTED_EDGE('',*,*,#1735,.T.);
#2246=ORIENTED_EDGE('',*,*,#1732,.T.);
#2247=ORIENTED_EDGE('',*,*,#1729,.T.);
#2248=ORIENTED_EDGE('',*,*,#1736,.T.);
#2249=ORIENTED_EDGE('',*,*,#1737,.T.);
#2250=ORIENTED_EDGE('',*,*,#1738,.T.);
#2251=ORIENTED_EDGE('',*,*,#1725,.T.);
#2252=ORIENTED_EDGE('',*,*,#1723,.T.);
#2253=ORIENTED_EDGE('',*,*,#1646,.T.);
#2254=ORIENTED_EDGE('',*,*,#1739,.T.);
#2255=ORIENTED_EDGE('',*,*,#1727,.T.);
#2256=ORIENTED_EDGE('',*,*,#1731,.T.);
#2257=ORIENTED_EDGE('',*,*,#1734,.T.);
#2258=ORIENTED_EDGE('',*,*,#1721,.T.);
#2259=ORIENTED_EDGE('',*,*,#1740,.T.);
#2260=ORIENTED_EDGE('',*,*,#1741,.T.);
#2261=ORIENTED_EDGE('',*,*,#1688,.F.);
#2262=ORIENTED_EDGE('',*,*,#1742,.T.);
#2263=ORIENTED_EDGE('',*,*,#1743,.F.);
#2264=ORIENTED_EDGE('',*,*,#1744,.F.);
#2265=ORIENTED_EDGE('',*,*,#1689,.F.);
#2266=ORIENTED_EDGE('',*,*,#1744,.T.);
#2267=ORIENTED_EDGE('',*,*,#1745,.F.);
#2268=ORIENTED_EDGE('',*,*,#1746,.F.);
#2269=ORIENTED_EDGE('',*,*,#1690,.F.);
#2270=ORIENTED_EDGE('',*,*,#1746,.T.);
#2271=ORIENTED_EDGE('',*,*,#1747,.F.);
#2272=ORIENTED_EDGE('',*,*,#1748,.F.);
#2273=ORIENTED_EDGE('',*,*,#1691,.F.);
#2274=ORIENTED_EDGE('',*,*,#1748,.T.);
#2275=ORIENTED_EDGE('',*,*,#1749,.F.);
#2276=ORIENTED_EDGE('',*,*,#1750,.F.);
#2277=ORIENTED_EDGE('',*,*,#1684,.F.);
#2278=ORIENTED_EDGE('',*,*,#1751,.T.);
#2279=ORIENTED_EDGE('',*,*,#1752,.F.);
#2280=ORIENTED_EDGE('',*,*,#1742,.F.);
#2281=ORIENTED_EDGE('',*,*,#1752,.T.);
#2282=ORIENTED_EDGE('',*,*,#1753,.T.);
#2283=ORIENTED_EDGE('',*,*,#1754,.T.);
#2284=ORIENTED_EDGE('',*,*,#1755,.T.);
#2285=ORIENTED_EDGE('',*,*,#1749,.T.);
#2286=ORIENTED_EDGE('',*,*,#1747,.T.);
#2287=ORIENTED_EDGE('',*,*,#1745,.T.);
#2288=ORIENTED_EDGE('',*,*,#1743,.T.);
#2289=ORIENTED_EDGE('',*,*,#1756,.F.);
#2290=ORIENTED_EDGE('',*,*,#1757,.T.);
#2291=ORIENTED_EDGE('',*,*,#1758,.F.);
#2292=ORIENTED_EDGE('',*,*,#1759,.F.);
#2293=ORIENTED_EDGE('',*,*,#1760,.F.);
#2294=ORIENTED_EDGE('',*,*,#1759,.T.);
#2295=ORIENTED_EDGE('',*,*,#1761,.F.);
#2296=ORIENTED_EDGE('',*,*,#1762,.F.);
#2297=ORIENTED_EDGE('',*,*,#1763,.F.);
#2298=ORIENTED_EDGE('',*,*,#1762,.T.);
#2299=ORIENTED_EDGE('',*,*,#1764,.F.);
#2300=ORIENTED_EDGE('',*,*,#1765,.F.);
#2301=ORIENTED_EDGE('',*,*,#1719,.F.);
#2302=ORIENTED_EDGE('',*,*,#1765,.T.);
#2303=ORIENTED_EDGE('',*,*,#1766,.F.);
#2304=ORIENTED_EDGE('',*,*,#1767,.F.);
#2305=ORIENTED_EDGE('',*,*,#1716,.F.);
#2306=ORIENTED_EDGE('',*,*,#1768,.T.);
#2307=ORIENTED_EDGE('',*,*,#1769,.F.);
#2308=ORIENTED_EDGE('',*,*,#1757,.F.);
#2309=ORIENTED_EDGE('',*,*,#1769,.T.);
#2310=ORIENTED_EDGE('',*,*,#1770,.T.);
#2311=ORIENTED_EDGE('',*,*,#1771,.T.);
#2312=ORIENTED_EDGE('',*,*,#1772,.T.);
#2313=ORIENTED_EDGE('',*,*,#1766,.T.);
#2314=ORIENTED_EDGE('',*,*,#1764,.T.);
#2315=ORIENTED_EDGE('',*,*,#1761,.T.);
#2316=ORIENTED_EDGE('',*,*,#1758,.T.);
#2317=ORIENTED_EDGE('',*,*,#1763,.T.);
#2318=ORIENTED_EDGE('',*,*,#1773,.T.);
#2319=ORIENTED_EDGE('',*,*,#1756,.T.);
#2320=ORIENTED_EDGE('',*,*,#1760,.T.);
#2321=ORIENTED_EDGE('',*,*,#1774,.F.);
#2322=ORIENTED_EDGE('',*,*,#1775,.T.);
#2323=ORIENTED_EDGE('',*,*,#1687,.F.);
#2324=ORIENTED_EDGE('',*,*,#1776,.F.);
#2325=ORIENTED_EDGE('',*,*,#1777,.F.);
#2326=ORIENTED_EDGE('',*,*,#1776,.T.);
#2327=ORIENTED_EDGE('',*,*,#1686,.F.);
#2328=ORIENTED_EDGE('',*,*,#1668,.T.);
#2329=ORIENTED_EDGE('',*,*,#1680,.F.);
#2330=ORIENTED_EDGE('',*,*,#1670,.F.);
#2331=ORIENTED_EDGE('',*,*,#1693,.F.);
#2332=ORIENTED_EDGE('',*,*,#1778,.F.);
#2333=ORIENTED_EDGE('',*,*,#1779,.F.);
#2334=ORIENTED_EDGE('',*,*,#1778,.T.);
#2335=ORIENTED_EDGE('',*,*,#1694,.F.);
#2336=ORIENTED_EDGE('',*,*,#1780,.F.);
#2337=ORIENTED_EDGE('',*,*,#1781,.F.);
#2338=ORIENTED_EDGE('',*,*,#1780,.T.);
#2339=ORIENTED_EDGE('',*,*,#1685,.F.);
#2340=ORIENTED_EDGE('',*,*,#1775,.F.);
#2341=ORIENTED_EDGE('',*,*,#1782,.F.);
#2342=ORIENTED_EDGE('',*,*,#1783,.T.);
#2343=ORIENTED_EDGE('',*,*,#1754,.F.);
#2344=ORIENTED_EDGE('',*,*,#1784,.F.);
#2345=ORIENTED_EDGE('',*,*,#1785,.F.);
#2346=ORIENTED_EDGE('',*,*,#1786,.T.);
#2347=ORIENTED_EDGE('',*,*,#1682,.F.);
#2348=ORIENTED_EDGE('',*,*,#1787,.F.);
#2349=ORIENTED_EDGE('',*,*,#1788,.F.);
#2350=ORIENTED_EDGE('',*,*,#1787,.T.);
#2351=ORIENTED_EDGE('',*,*,#1681,.F.);
#2352=ORIENTED_EDGE('',*,*,#1666,.F.);
#2353=ORIENTED_EDGE('',*,*,#1692,.F.);
#2354=ORIENTED_EDGE('',*,*,#1750,.T.);
#2355=ORIENTED_EDGE('',*,*,#1755,.F.);
#2356=ORIENTED_EDGE('',*,*,#1783,.F.);
#2357=ORIENTED_EDGE('',*,*,#1785,.T.);
#2358=ORIENTED_EDGE('',*,*,#1788,.T.);
#2359=ORIENTED_EDGE('',*,*,#1782,.T.);
#2360=ORIENTED_EDGE('',*,*,#1789,.T.);
#2361=ORIENTED_EDGE('',*,*,#1790,.T.);
#2362=ORIENTED_EDGE('',*,*,#1791,.T.);
#2363=ORIENTED_EDGE('',*,*,#1792,.T.);
#2364=ORIENTED_EDGE('',*,*,#1793,.T.);
#2365=ORIENTED_EDGE('',*,*,#1794,.T.);
#2366=ORIENTED_EDGE('',*,*,#1795,.T.);
#2367=ORIENTED_EDGE('',*,*,#1796,.T.);
#2368=ORIENTED_EDGE('',*,*,#1797,.T.);
#2369=ORIENTED_EDGE('',*,*,#1798,.T.);
#2370=ORIENTED_EDGE('',*,*,#1799,.T.);
#2371=ORIENTED_EDGE('',*,*,#1800,.T.);
#2372=ORIENTED_EDGE('',*,*,#1801,.T.);
#2373=ORIENTED_EDGE('',*,*,#1802,.T.);
#2374=ORIENTED_EDGE('',*,*,#1803,.T.);
#2375=ORIENTED_EDGE('',*,*,#1804,.T.);
#2376=ORIENTED_EDGE('',*,*,#1805,.T.);
#2377=ORIENTED_EDGE('',*,*,#1806,.T.);
#2378=ORIENTED_EDGE('',*,*,#1807,.T.);
#2379=ORIENTED_EDGE('',*,*,#1808,.T.);
#2380=ORIENTED_EDGE('',*,*,#1809,.T.);
#2381=ORIENTED_EDGE('',*,*,#1810,.T.);
#2382=ORIENTED_EDGE('',*,*,#1811,.T.);
#2383=ORIENTED_EDGE('',*,*,#1812,.T.);
#2384=ORIENTED_EDGE('',*,*,#1813,.T.);
#2385=ORIENTED_EDGE('',*,*,#1814,.T.);
#2386=ORIENTED_EDGE('',*,*,#1815,.T.);
#2387=ORIENTED_EDGE('',*,*,#1816,.T.);
#2388=ORIENTED_EDGE('',*,*,#1817,.T.);
#2389=ORIENTED_EDGE('',*,*,#1818,.T.);
#2390=ORIENTED_EDGE('',*,*,#1819,.T.);
#2391=ORIENTED_EDGE('',*,*,#1820,.F.);
#2392=ORIENTED_EDGE('',*,*,#1821,.T.);
#2393=ORIENTED_EDGE('',*,*,#1718,.F.);
#2394=ORIENTED_EDGE('',*,*,#1822,.F.);
#2395=ORIENTED_EDGE('',*,*,#1823,.F.);
#2396=ORIENTED_EDGE('',*,*,#1822,.T.);
#2397=ORIENTED_EDGE('',*,*,#1714,.F.);
#2398=ORIENTED_EDGE('',*,*,#1824,.F.);
#2399=ORIENTED_EDGE('',*,*,#1825,.F.);
#2400=ORIENTED_EDGE('',*,*,#1824,.T.);
#2401=ORIENTED_EDGE('',*,*,#1717,.F.);
#2402=ORIENTED_EDGE('',*,*,#1826,.F.);
#2403=ORIENTED_EDGE('',*,*,#1827,.F.);
#2404=ORIENTED_EDGE('',*,*,#1826,.T.);
#2405=ORIENTED_EDGE('',*,*,#1773,.F.);
#2406=ORIENTED_EDGE('',*,*,#1821,.F.);
#2407=ORIENTED_EDGE('',*,*,#1792,.F.);
#2408=ORIENTED_EDGE('',*,*,#1828,.T.);
#2409=ORIENTED_EDGE('',*,*,#1712,.F.);
#2410=ORIENTED_EDGE('',*,*,#1829,.F.);
#2411=ORIENTED_EDGE('',*,*,#1793,.F.);
#2412=ORIENTED_EDGE('',*,*,#1829,.T.);
#2413=ORIENTED_EDGE('',*,*,#1711,.F.);
#2414=ORIENTED_EDGE('',*,*,#1700,.F.);
#2415=ORIENTED_EDGE('',*,*,#1720,.F.);
#2416=ORIENTED_EDGE('',*,*,#1767,.T.);
#2417=ORIENTED_EDGE('',*,*,#1772,.F.);
#2418=ORIENTED_EDGE('',*,*,#1830,.F.);
#2419=ORIENTED_EDGE('',*,*,#1794,.F.);
#2420=ORIENTED_EDGE('',*,*,#1830,.T.);
#2421=ORIENTED_EDGE('',*,*,#1771,.F.);
#2422=ORIENTED_EDGE('',*,*,#1831,.F.);
#2423=ORIENTED_EDGE('',*,*,#1774,.T.);
#2424=ORIENTED_EDGE('',*,*,#1777,.T.);
#2425=ORIENTED_EDGE('',*,*,#1779,.T.);
#2426=ORIENTED_EDGE('',*,*,#1781,.T.);
#2427=ORIENTED_EDGE('',*,*,#1832,.F.);
#2428=ORIENTED_EDGE('',*,*,#1833,.T.);
#2429=ORIENTED_EDGE('',*,*,#1662,.F.);
#2430=ORIENTED_EDGE('',*,*,#1834,.F.);
#2431=ORIENTED_EDGE('',*,*,#1835,.F.);
#2432=ORIENTED_EDGE('',*,*,#1834,.T.);
#2433=ORIENTED_EDGE('',*,*,#1661,.F.);
#2434=ORIENTED_EDGE('',*,*,#1836,.F.);
#2435=ORIENTED_EDGE('',*,*,#1837,.F.);
#2436=ORIENTED_EDGE('',*,*,#1836,.T.);
#2437=ORIENTED_EDGE('',*,*,#1660,.F.);
#2438=ORIENTED_EDGE('',*,*,#1645,.T.);
#2439=ORIENTED_EDGE('',*,*,#1659,.F.);
#2440=ORIENTED_EDGE('',*,*,#1647,.F.);
#2441=ORIENTED_EDGE('',*,*,#1741,.F.);
#2442=ORIENTED_EDGE('',*,*,#1838,.F.);
#2443=ORIENTED_EDGE('',*,*,#1839,.F.);
#2444=ORIENTED_EDGE('',*,*,#1838,.T.);
#2445=ORIENTED_EDGE('',*,*,#1740,.F.);
#2446=ORIENTED_EDGE('',*,*,#1833,.F.);
#2447=ORIENTED_EDGE('',*,*,#1800,.F.);
#2448=ORIENTED_EDGE('',*,*,#1840,.T.);
#2449=ORIENTED_EDGE('',*,*,#1657,.F.);
#2450=ORIENTED_EDGE('',*,*,#1841,.F.);
#2451=ORIENTED_EDGE('',*,*,#1798,.F.);
#2452=ORIENTED_EDGE('',*,*,#1842,.T.);
#2453=ORIENTED_EDGE('',*,*,#1737,.F.);
#2454=ORIENTED_EDGE('',*,*,#1843,.F.);
#2455=ORIENTED_EDGE('',*,*,#1799,.F.);
#2456=ORIENTED_EDGE('',*,*,#1843,.T.);
#2457=ORIENTED_EDGE('',*,*,#1736,.F.);
#2458=ORIENTED_EDGE('',*,*,#1728,.F.);
#2459=ORIENTED_EDGE('',*,*,#1739,.F.);
#2460=ORIENTED_EDGE('',*,*,#1649,.T.);
#2461=ORIENTED_EDGE('',*,*,#1658,.F.);
#2462=ORIENTED_EDGE('',*,*,#1840,.F.);
#2463=ORIENTED_EDGE('',*,*,#1820,.T.);
#2464=ORIENTED_EDGE('',*,*,#1823,.T.);
#2465=ORIENTED_EDGE('',*,*,#1825,.T.);
#2466=ORIENTED_EDGE('',*,*,#1827,.T.);
#2467=ORIENTED_EDGE('',*,*,#1844,.F.);
#2468=ORIENTED_EDGE('',*,*,#1845,.F.);
#2469=ORIENTED_EDGE('',*,*,#1846,.F.);
#2470=ORIENTED_EDGE('',*,*,#1847,.T.);
#2471=ORIENTED_EDGE('',*,*,#1848,.F.);
#2472=ORIENTED_EDGE('',*,*,#1847,.F.);
#2473=ORIENTED_EDGE('',*,*,#1849,.F.);
#2474=ORIENTED_EDGE('',*,*,#1850,.T.);
#2475=ORIENTED_EDGE('',*,*,#1851,.F.);
#2476=ORIENTED_EDGE('',*,*,#1852,.F.);
#2477=ORIENTED_EDGE('',*,*,#1853,.F.);
#2478=ORIENTED_EDGE('',*,*,#1845,.T.);
#2479=ORIENTED_EDGE('',*,*,#1851,.T.);
#2480=ORIENTED_EDGE('',*,*,#1844,.T.);
#2481=ORIENTED_EDGE('',*,*,#1848,.T.);
#2482=ORIENTED_EDGE('',*,*,#1854,.T.);
#2483=ORIENTED_EDGE('',*,*,#1594,.F.);
#2484=ORIENTED_EDGE('',*,*,#1855,.F.);
#2485=ORIENTED_EDGE('',*,*,#1856,.T.);
#2486=ORIENTED_EDGE('',*,*,#1857,.T.);
#2487=ORIENTED_EDGE('',*,*,#1858,.T.);
#2488=ORIENTED_EDGE('',*,*,#1859,.T.);
#2489=ORIENTED_EDGE('',*,*,#1860,.T.);
#2490=ORIENTED_EDGE('',*,*,#1861,.T.);
#2491=ORIENTED_EDGE('',*,*,#1862,.T.);
#2492=ORIENTED_EDGE('',*,*,#1863,.T.);
#2493=ORIENTED_EDGE('',*,*,#1864,.T.);
#2494=ORIENTED_EDGE('',*,*,#1865,.T.);
#2495=ORIENTED_EDGE('',*,*,#1866,.T.);
#2496=ORIENTED_EDGE('',*,*,#1867,.T.);
#2497=ORIENTED_EDGE('',*,*,#1868,.T.);
#2498=ORIENTED_EDGE('',*,*,#1869,.T.);
#2499=ORIENTED_EDGE('',*,*,#1870,.T.);
#2500=ORIENTED_EDGE('',*,*,#1871,.T.);
#2501=ORIENTED_EDGE('',*,*,#1872,.T.);
#2502=ORIENTED_EDGE('',*,*,#1873,.T.);
#2503=ORIENTED_EDGE('',*,*,#1874,.T.);
#2504=ORIENTED_EDGE('',*,*,#1875,.T.);
#2505=ORIENTED_EDGE('',*,*,#1876,.T.);
#2506=ORIENTED_EDGE('',*,*,#1877,.T.);
#2507=ORIENTED_EDGE('',*,*,#1878,.F.);
#2508=ORIENTED_EDGE('',*,*,#1879,.T.);
#2509=ORIENTED_EDGE('',*,*,#1865,.F.);
#2510=ORIENTED_EDGE('',*,*,#1880,.F.);
#2511=ORIENTED_EDGE('',*,*,#1881,.F.);
#2512=ORIENTED_EDGE('',*,*,#1880,.T.);
#2513=ORIENTED_EDGE('',*,*,#1864,.F.);
#2514=ORIENTED_EDGE('',*,*,#1882,.F.);
#2515=ORIENTED_EDGE('',*,*,#1883,.F.);
#2516=ORIENTED_EDGE('',*,*,#1882,.T.);
#2517=ORIENTED_EDGE('',*,*,#1863,.F.);
#2518=ORIENTED_EDGE('',*,*,#1884,.F.);
#2519=ORIENTED_EDGE('',*,*,#1885,.F.);
#2520=ORIENTED_EDGE('',*,*,#1884,.T.);
#2521=ORIENTED_EDGE('',*,*,#1862,.F.);
#2522=ORIENTED_EDGE('',*,*,#1879,.F.);
#2523=ORIENTED_EDGE('',*,*,#1886,.F.);
#2524=ORIENTED_EDGE('',*,*,#1620,.T.);
#2525=ORIENTED_EDGE('',*,*,#1887,.F.);
#2526=ORIENTED_EDGE('',*,*,#1618,.F.);
#2527=ORIENTED_EDGE('',*,*,#1888,.F.);
#2528=ORIENTED_EDGE('',*,*,#1889,.T.);
#2529=ORIENTED_EDGE('',*,*,#1873,.F.);
#2530=ORIENTED_EDGE('',*,*,#1890,.F.);
#2531=ORIENTED_EDGE('',*,*,#1891,.F.);
#2532=ORIENTED_EDGE('',*,*,#1603,.T.);
#2533=ORIENTED_EDGE('',*,*,#1892,.F.);
#2534=ORIENTED_EDGE('',*,*,#1611,.F.);
#2535=ORIENTED_EDGE('',*,*,#1893,.F.);
#2536=ORIENTED_EDGE('',*,*,#1890,.T.);
#2537=ORIENTED_EDGE('',*,*,#1872,.F.);
#2538=ORIENTED_EDGE('',*,*,#1894,.F.);
#2539=ORIENTED_EDGE('',*,*,#1895,.F.);
#2540=ORIENTED_EDGE('',*,*,#1894,.T.);
#2541=ORIENTED_EDGE('',*,*,#1871,.F.);
#2542=ORIENTED_EDGE('',*,*,#1896,.F.);
#2543=ORIENTED_EDGE('',*,*,#1897,.F.);
#2544=ORIENTED_EDGE('',*,*,#1896,.T.);
#2545=ORIENTED_EDGE('',*,*,#1870,.F.);
#2546=ORIENTED_EDGE('',*,*,#1889,.F.);
#2547=ORIENTED_EDGE('',*,*,#1898,.F.);
#2548=ORIENTED_EDGE('',*,*,#1899,.T.);
#2549=ORIENTED_EDGE('',*,*,#1869,.F.);
#2550=ORIENTED_EDGE('',*,*,#1900,.F.);
#2551=ORIENTED_EDGE('',*,*,#1901,.F.);
#2552=ORIENTED_EDGE('',*,*,#1900,.T.);
#2553=ORIENTED_EDGE('',*,*,#1868,.F.);
#2554=ORIENTED_EDGE('',*,*,#1902,.F.);
#2555=ORIENTED_EDGE('',*,*,#1903,.F.);
#2556=ORIENTED_EDGE('',*,*,#1902,.T.);
#2557=ORIENTED_EDGE('',*,*,#1867,.F.);
#2558=ORIENTED_EDGE('',*,*,#1904,.F.);
#2559=ORIENTED_EDGE('',*,*,#1905,.F.);
#2560=ORIENTED_EDGE('',*,*,#1633,.T.);
#2561=ORIENTED_EDGE('',*,*,#1906,.F.);
#2562=ORIENTED_EDGE('',*,*,#1641,.F.);
#2563=ORIENTED_EDGE('',*,*,#1907,.F.);
#2564=ORIENTED_EDGE('',*,*,#1904,.T.);
#2565=ORIENTED_EDGE('',*,*,#1866,.F.);
#2566=ORIENTED_EDGE('',*,*,#1899,.F.);
#2567=ORIENTED_EDGE('',*,*,#1908,.F.);
#2568=ORIENTED_EDGE('',*,*,#1909,.T.);
#2569=ORIENTED_EDGE('',*,*,#1861,.F.);
#2570=ORIENTED_EDGE('',*,*,#1910,.F.);
#2571=ORIENTED_EDGE('',*,*,#1911,.F.);
#2572=ORIENTED_EDGE('',*,*,#1910,.T.);
#2573=ORIENTED_EDGE('',*,*,#1860,.F.);
#2574=ORIENTED_EDGE('',*,*,#1912,.F.);
#2575=ORIENTED_EDGE('',*,*,#1913,.F.);
#2576=ORIENTED_EDGE('',*,*,#1623,.T.);
#2577=ORIENTED_EDGE('',*,*,#1914,.F.);
#2578=ORIENTED_EDGE('',*,*,#1631,.F.);
#2579=ORIENTED_EDGE('',*,*,#1915,.F.);
#2580=ORIENTED_EDGE('',*,*,#1912,.T.);
#2581=ORIENTED_EDGE('',*,*,#1859,.F.);
#2582=ORIENTED_EDGE('',*,*,#1916,.F.);
#2583=ORIENTED_EDGE('',*,*,#1917,.F.);
#2584=ORIENTED_EDGE('',*,*,#1916,.T.);
#2585=ORIENTED_EDGE('',*,*,#1858,.F.);
#2586=ORIENTED_EDGE('',*,*,#1909,.F.);
#2587=ORIENTED_EDGE('',*,*,#1918,.F.);
#2588=ORIENTED_EDGE('',*,*,#1919,.T.);
#2589=ORIENTED_EDGE('',*,*,#1877,.F.);
#2590=ORIENTED_EDGE('',*,*,#1920,.F.);
#2591=ORIENTED_EDGE('',*,*,#1921,.F.);
#2592=ORIENTED_EDGE('',*,*,#1920,.T.);
#2593=ORIENTED_EDGE('',*,*,#1876,.F.);
#2594=ORIENTED_EDGE('',*,*,#1922,.F.);
#2595=ORIENTED_EDGE('',*,*,#1923,.F.);
#2596=ORIENTED_EDGE('',*,*,#1922,.T.);
#2597=ORIENTED_EDGE('',*,*,#1875,.F.);
#2598=ORIENTED_EDGE('',*,*,#1924,.F.);
#2599=ORIENTED_EDGE('',*,*,#1925,.F.);
#2600=ORIENTED_EDGE('',*,*,#1924,.T.);
#2601=ORIENTED_EDGE('',*,*,#1874,.F.);
#2602=ORIENTED_EDGE('',*,*,#1919,.F.);
#2603=ORIENTED_EDGE('',*,*,#1926,.F.);
#2604=ORIENTED_EDGE('',*,*,#1927,.F.);
#2605=ORIENTED_EDGE('',*,*,#1928,.F.);
#2606=ORIENTED_EDGE('',*,*,#1929,.T.);
#2607=ORIENTED_EDGE('',*,*,#1598,.F.);
#2608=ORIENTED_EDGE('',*,*,#1930,.T.);
#2609=ORIENTED_EDGE('',*,*,#1931,.F.);
#2610=ORIENTED_EDGE('',*,*,#1932,.F.);
#2611=ORIENTED_EDGE('',*,*,#1933,.F.);
#2612=ORIENTED_EDGE('',*,*,#1929,.F.);
#2613=ORIENTED_EDGE('',*,*,#1934,.F.);
#2614=ORIENTED_EDGE('',*,*,#1935,.T.);
#2615=ORIENTED_EDGE('',*,*,#1936,.F.);
#2616=ORIENTED_EDGE('',*,*,#1935,.F.);
#2617=ORIENTED_EDGE('',*,*,#1937,.F.);
#2618=ORIENTED_EDGE('',*,*,#1938,.T.);
#2619=ORIENTED_EDGE('',*,*,#1596,.F.);
#2620=ORIENTED_EDGE('',*,*,#1939,.T.);
#2621=ORIENTED_EDGE('',*,*,#1940,.F.);
#2622=ORIENTED_EDGE('',*,*,#1941,.F.);
#2623=ORIENTED_EDGE('',*,*,#1597,.F.);
#2624=ORIENTED_EDGE('',*,*,#1941,.T.);
#2625=ORIENTED_EDGE('',*,*,#1942,.F.);
#2626=ORIENTED_EDGE('',*,*,#1930,.F.);
#2627=ORIENTED_EDGE('',*,*,#1857,.F.);
#2628=ORIENTED_EDGE('',*,*,#1943,.F.);
#2629=ORIENTED_EDGE('',*,*,#1938,.F.);
#2630=ORIENTED_EDGE('',*,*,#1944,.F.);
#2631=ORIENTED_EDGE('',*,*,#1927,.T.);
#2632=ORIENTED_EDGE('',*,*,#1945,.F.);
#2633=ORIENTED_EDGE('',*,*,#1946,.F.);
#2634=ORIENTED_EDGE('',*,*,#1599,.F.);
#2635=ORIENTED_EDGE('',*,*,#1932,.T.);
#2636=ORIENTED_EDGE('',*,*,#1947,.F.);
#2637=ORIENTED_EDGE('',*,*,#1939,.F.);
#2638=ORIENTED_EDGE('',*,*,#1595,.F.);
#2639=ORIENTED_EDGE('',*,*,#1854,.F.);
#2640=ORIENTED_EDGE('',*,*,#1850,.F.);
#2641=ORIENTED_EDGE('',*,*,#1948,.F.);
#2642=ORIENTED_EDGE('',*,*,#1852,.T.);
#2643=ORIENTED_EDGE('',*,*,#1590,.T.);
#2644=ORIENTED_EDGE('',*,*,#1949,.F.);
#2645=ORIENTED_EDGE('',*,*,#1950,.T.);
#2646=ORIENTED_EDGE('',*,*,#1945,.T.);
#2647=ORIENTED_EDGE('',*,*,#1926,.T.);
#2648=ORIENTED_EDGE('',*,*,#1933,.T.);
#2649=ORIENTED_EDGE('',*,*,#1936,.T.);
#2650=ORIENTED_EDGE('',*,*,#1943,.T.);
#2651=ORIENTED_EDGE('',*,*,#1856,.F.);
#2652=ORIENTED_EDGE('',*,*,#1951,.F.);
#2653=ORIENTED_EDGE('',*,*,#1585,.T.);
#2654=ORIENTED_EDGE('',*,*,#1592,.T.);
#2655=ORIENTED_EDGE('',*,*,#1952,.F.);
#2656=ORIENTED_EDGE('',*,*,#1600,.T.);
#2657=ORIENTED_EDGE('',*,*,#1946,.T.);
#2658=ORIENTED_EDGE('',*,*,#1950,.F.);
#2659=ORIENTED_EDGE('',*,*,#1808,.F.);
#2660=ORIENTED_EDGE('',*,*,#1953,.T.);
#2661=ORIENTED_EDGE('',*,*,#1954,.T.);
#2662=ORIENTED_EDGE('',*,*,#1955,.F.);
#2663=ORIENTED_EDGE('',*,*,#1819,.F.);
#2664=ORIENTED_EDGE('',*,*,#1956,.T.);
#2665=ORIENTED_EDGE('',*,*,#1957,.T.);
#2666=ORIENTED_EDGE('',*,*,#1953,.F.);
#2667=ORIENTED_EDGE('',*,*,#1818,.F.);
#2668=ORIENTED_EDGE('',*,*,#1958,.T.);
#2669=ORIENTED_EDGE('',*,*,#1959,.T.);
#2670=ORIENTED_EDGE('',*,*,#1956,.F.);
#2671=ORIENTED_EDGE('',*,*,#1817,.F.);
#2672=ORIENTED_EDGE('',*,*,#1960,.T.);
#2673=ORIENTED_EDGE('',*,*,#1961,.T.);
#2674=ORIENTED_EDGE('',*,*,#1958,.F.);
#2675=ORIENTED_EDGE('',*,*,#1816,.F.);
#2676=ORIENTED_EDGE('',*,*,#1962,.T.);
#2677=ORIENTED_EDGE('',*,*,#1963,.T.);
#2678=ORIENTED_EDGE('',*,*,#1960,.F.);
#2679=ORIENTED_EDGE('',*,*,#1815,.F.);
#2680=ORIENTED_EDGE('',*,*,#1964,.T.);
#2681=ORIENTED_EDGE('',*,*,#1965,.T.);
#2682=ORIENTED_EDGE('',*,*,#1962,.F.);
#2683=ORIENTED_EDGE('',*,*,#1814,.F.);
#2684=ORIENTED_EDGE('',*,*,#1966,.T.);
#2685=ORIENTED_EDGE('',*,*,#1967,.T.);
#2686=ORIENTED_EDGE('',*,*,#1964,.F.);
#2687=ORIENTED_EDGE('',*,*,#1813,.F.);
#2688=ORIENTED_EDGE('',*,*,#1968,.T.);
#2689=ORIENTED_EDGE('',*,*,#1969,.T.);
#2690=ORIENTED_EDGE('',*,*,#1966,.F.);
#2691=ORIENTED_EDGE('',*,*,#1812,.F.);
#2692=ORIENTED_EDGE('',*,*,#1970,.T.);
#2693=ORIENTED_EDGE('',*,*,#1971,.T.);
#2694=ORIENTED_EDGE('',*,*,#1968,.F.);
#2695=ORIENTED_EDGE('',*,*,#1811,.F.);
#2696=ORIENTED_EDGE('',*,*,#1972,.T.);
#2697=ORIENTED_EDGE('',*,*,#1973,.T.);
#2698=ORIENTED_EDGE('',*,*,#1970,.F.);
#2699=ORIENTED_EDGE('',*,*,#1810,.F.);
#2700=ORIENTED_EDGE('',*,*,#1974,.T.);
#2701=ORIENTED_EDGE('',*,*,#1975,.T.);
#2702=ORIENTED_EDGE('',*,*,#1972,.F.);
#2703=ORIENTED_EDGE('',*,*,#1809,.F.);
#2704=ORIENTED_EDGE('',*,*,#1955,.T.);
#2705=ORIENTED_EDGE('',*,*,#1976,.T.);
#2706=ORIENTED_EDGE('',*,*,#1974,.F.);
#2707=ORIENTED_EDGE('',*,*,#1976,.F.);
#2708=ORIENTED_EDGE('',*,*,#1954,.F.);
#2709=ORIENTED_EDGE('',*,*,#1957,.F.);
#2710=ORIENTED_EDGE('',*,*,#1959,.F.);
#2711=ORIENTED_EDGE('',*,*,#1961,.F.);
#2712=ORIENTED_EDGE('',*,*,#1963,.F.);
#2713=ORIENTED_EDGE('',*,*,#1965,.F.);
#2714=ORIENTED_EDGE('',*,*,#1967,.F.);
#2715=ORIENTED_EDGE('',*,*,#1969,.F.);
#2716=ORIENTED_EDGE('',*,*,#1971,.F.);
#2717=ORIENTED_EDGE('',*,*,#1973,.F.);
#2718=ORIENTED_EDGE('',*,*,#1975,.F.);
#2719=ORIENTED_EDGE('',*,*,#1977,.F.);
#2720=ORIENTED_EDGE('',*,*,#1978,.T.);
#2721=ORIENTED_EDGE('',*,*,#1807,.F.);
#2722=ORIENTED_EDGE('',*,*,#1978,.F.);
#2723=ORIENTED_EDGE('',*,*,#1977,.T.);
#2724=ORIENTED_EDGE('',*,*,#1979,.F.);
#2725=ORIENTED_EDGE('',*,*,#1980,.T.);
#2726=ORIENTED_EDGE('',*,*,#1806,.F.);
#2727=ORIENTED_EDGE('',*,*,#1980,.F.);
#2728=ORIENTED_EDGE('',*,*,#1979,.T.);
#2729=ORIENTED_EDGE('',*,*,#1981,.F.);
#2730=ORIENTED_EDGE('',*,*,#1982,.T.);
#2731=ORIENTED_EDGE('',*,*,#1805,.F.);
#2732=ORIENTED_EDGE('',*,*,#1982,.F.);
#2733=ORIENTED_EDGE('',*,*,#1981,.T.);
#2734=ORIENTED_EDGE('',*,*,#1983,.F.);
#2735=ORIENTED_EDGE('',*,*,#1984,.T.);
#2736=ORIENTED_EDGE('',*,*,#1804,.F.);
#2737=ORIENTED_EDGE('',*,*,#1984,.F.);
#2738=ORIENTED_EDGE('',*,*,#1983,.T.);
#2739=ORIENTED_EDGE('',*,*,#1985,.F.);
#2740=ORIENTED_EDGE('',*,*,#1986,.T.);
#2741=ORIENTED_EDGE('',*,*,#1987,.T.);
#2742=ORIENTED_EDGE('',*,*,#1986,.F.);
#2743=ORIENTED_EDGE('',*,*,#1987,.F.);
#2744=ORIENTED_EDGE('',*,*,#1988,.F.);
#2745=ORIENTED_EDGE('',*,*,#1989,.T.);
#2746=ORIENTED_EDGE('',*,*,#1990,.T.);
#2747=ORIENTED_EDGE('',*,*,#1989,.F.);
#2748=ORIENTED_EDGE('',*,*,#1990,.F.);
#2749=ORIENTED_EDGE('',*,*,#1991,.T.);
#2750=ORIENTED_EDGE('',*,*,#1992,.T.);
#2751=ORIENTED_EDGE('',*,*,#1993,.F.);
#2752=ORIENTED_EDGE('',*,*,#1994,.T.);
#2753=ORIENTED_EDGE('',*,*,#1801,.F.);
#2754=ORIENTED_EDGE('',*,*,#1841,.T.);
#2755=ORIENTED_EDGE('',*,*,#1656,.F.);
#2756=ORIENTED_EDGE('',*,*,#1651,.F.);
#2757=ORIENTED_EDGE('',*,*,#1664,.F.);
#2758=ORIENTED_EDGE('',*,*,#1726,.T.);
#2759=ORIENTED_EDGE('',*,*,#1738,.F.);
#2760=ORIENTED_EDGE('',*,*,#1842,.F.);
#2761=ORIENTED_EDGE('',*,*,#1797,.F.);
#2762=ORIENTED_EDGE('',*,*,#1995,.F.);
#2763=ORIENTED_EDGE('',*,*,#1937,.T.);
#2764=ORIENTED_EDGE('',*,*,#1934,.T.);
#2765=ORIENTED_EDGE('',*,*,#1928,.T.);
#2766=ORIENTED_EDGE('',*,*,#1944,.T.);
#2767=ORIENTED_EDGE('',*,*,#1996,.T.);
#2768=ORIENTED_EDGE('',*,*,#1997,.T.);
#2769=ORIENTED_EDGE('',*,*,#1998,.T.);
#2770=ORIENTED_EDGE('',*,*,#1789,.F.);
#2771=ORIENTED_EDGE('',*,*,#1784,.T.);
#2772=ORIENTED_EDGE('',*,*,#1753,.F.);
#2773=ORIENTED_EDGE('',*,*,#1751,.F.);
#2774=ORIENTED_EDGE('',*,*,#1683,.F.);
#2775=ORIENTED_EDGE('',*,*,#1678,.T.);
#2776=ORIENTED_EDGE('',*,*,#1679,.F.);
#2777=ORIENTED_EDGE('',*,*,#1786,.F.);
#2778=ORIENTED_EDGE('',*,*,#1803,.F.);
#2779=ORIENTED_EDGE('',*,*,#1999,.F.);
#2780=ORIENTED_EDGE('',*,*,#2000,.T.);
#2781=ORIENTED_EDGE('',*,*,#1940,.T.);
#2782=ORIENTED_EDGE('',*,*,#1947,.T.);
#2783=ORIENTED_EDGE('',*,*,#1931,.T.);
#2784=ORIENTED_EDGE('',*,*,#1942,.T.);
#2785=ORIENTED_EDGE('',*,*,#2001,.F.);
#2786=ORIENTED_EDGE('',*,*,#2002,.F.);
#2787=ORIENTED_EDGE('',*,*,#1997,.F.);
#2788=ORIENTED_EDGE('',*,*,#2003,.F.);
#2789=ORIENTED_EDGE('',*,*,#1991,.F.);
#2790=ORIENTED_EDGE('',*,*,#2004,.F.);
#2791=ORIENTED_EDGE('',*,*,#1985,.T.);
#2792=ORIENTED_EDGE('',*,*,#1988,.T.);
#2793=ORIENTED_EDGE('',*,*,#1996,.F.);
#2794=ORIENTED_EDGE('',*,*,#2005,.F.);
#2795=ORIENTED_EDGE('',*,*,#1992,.F.);
#2796=ORIENTED_EDGE('',*,*,#2003,.T.);
#2797=ORIENTED_EDGE('',*,*,#2002,.T.);
#2798=ORIENTED_EDGE('',*,*,#2006,.T.);
#2799=ORIENTED_EDGE('',*,*,#1790,.F.);
#2800=ORIENTED_EDGE('',*,*,#1998,.F.);
#2801=ORIENTED_EDGE('',*,*,#2001,.T.);
#2802=ORIENTED_EDGE('',*,*,#2007,.T.);
#2803=ORIENTED_EDGE('',*,*,#1795,.F.);
#2804=ORIENTED_EDGE('',*,*,#1831,.T.);
#2805=ORIENTED_EDGE('',*,*,#1770,.F.);
#2806=ORIENTED_EDGE('',*,*,#1768,.F.);
#2807=ORIENTED_EDGE('',*,*,#1715,.F.);
#2808=ORIENTED_EDGE('',*,*,#1698,.T.);
#2809=ORIENTED_EDGE('',*,*,#1713,.F.);
#2810=ORIENTED_EDGE('',*,*,#1828,.F.);
#2811=ORIENTED_EDGE('',*,*,#1791,.F.);
#2812=ORIENTED_EDGE('',*,*,#2006,.F.);
#2813=ORIENTED_EDGE('',*,*,#2004,.T.);
#2814=ORIENTED_EDGE('',*,*,#1995,.T.);
#2815=ORIENTED_EDGE('',*,*,#1796,.F.);
#2816=ORIENTED_EDGE('',*,*,#2007,.F.);
#2817=ORIENTED_EDGE('',*,*,#2008,.T.);
#2818=ORIENTED_EDGE('',*,*,#2009,.F.);
#2819=ORIENTED_EDGE('',*,*,#2010,.F.);
#2820=ORIENTED_EDGE('',*,*,#2011,.T.);
#2821=ORIENTED_EDGE('',*,*,#1999,.T.);
#2822=ORIENTED_EDGE('',*,*,#1802,.F.);
#2823=ORIENTED_EDGE('',*,*,#1994,.F.);
#2824=ORIENTED_EDGE('',*,*,#2012,.T.);
#2825=ORIENTED_EDGE('',*,*,#1853,.T.);
#2826=ORIENTED_EDGE('',*,*,#1948,.T.);
#2827=ORIENTED_EDGE('',*,*,#1849,.T.);
#2828=ORIENTED_EDGE('',*,*,#1846,.T.);
#2829=ORIENTED_EDGE('',*,*,#1832,.T.);
#2830=ORIENTED_EDGE('',*,*,#1835,.T.);
#2831=ORIENTED_EDGE('',*,*,#1837,.T.);
#2832=ORIENTED_EDGE('',*,*,#1839,.T.);
#2833=ORIENTED_EDGE('',*,*,#2013,.F.);
#2834=ORIENTED_EDGE('',*,*,#2014,.T.);
#2835=ORIENTED_EDGE('',*,*,#2015,.F.);
#2836=ORIENTED_EDGE('',*,*,#2008,.F.);
#2837=ORIENTED_EDGE('',*,*,#2016,.F.);
#2838=ORIENTED_EDGE('',*,*,#2010,.T.);
#2839=ORIENTED_EDGE('',*,*,#2017,.F.);
#2840=ORIENTED_EDGE('',*,*,#2018,.F.);
#2841=ORIENTED_EDGE('',*,*,#2019,.F.);
#2842=ORIENTED_EDGE('',*,*,#2018,.T.);
#2843=ORIENTED_EDGE('',*,*,#2020,.F.);
#2844=ORIENTED_EDGE('',*,*,#2014,.F.);
#2845=ORIENTED_EDGE('',*,*,#2020,.T.);
#2846=ORIENTED_EDGE('',*,*,#2017,.T.);
#2847=ORIENTED_EDGE('',*,*,#2009,.T.);
#2848=ORIENTED_EDGE('',*,*,#2015,.T.);
#2849=ORIENTED_EDGE('',*,*,#1918,.T.);
#2850=ORIENTED_EDGE('',*,*,#1921,.T.);
#2851=ORIENTED_EDGE('',*,*,#1923,.T.);
#2852=ORIENTED_EDGE('',*,*,#1925,.T.);
#2853=ORIENTED_EDGE('',*,*,#1617,.T.);
#2854=ORIENTED_EDGE('',*,*,#1614,.T.);
#2855=ORIENTED_EDGE('',*,*,#1621,.T.);
#2856=ORIENTED_EDGE('',*,*,#1886,.T.);
#2857=ORIENTED_EDGE('',*,*,#1878,.T.);
#2858=ORIENTED_EDGE('',*,*,#1881,.T.);
#2859=ORIENTED_EDGE('',*,*,#1883,.T.);
#2860=ORIENTED_EDGE('',*,*,#1885,.T.);
#2861=ORIENTED_EDGE('',*,*,#1634,.T.);
#2862=ORIENTED_EDGE('',*,*,#1905,.T.);
#2863=ORIENTED_EDGE('',*,*,#1907,.T.);
#2864=ORIENTED_EDGE('',*,*,#1898,.T.);
#2865=ORIENTED_EDGE('',*,*,#1901,.T.);
#2866=ORIENTED_EDGE('',*,*,#1903,.T.);
#2867=ORIENTED_EDGE('',*,*,#1640,.T.);
#2868=ORIENTED_EDGE('',*,*,#1637,.T.);
#2869=ORIENTED_EDGE('',*,*,#1624,.T.);
#2870=ORIENTED_EDGE('',*,*,#1913,.T.);
#2871=ORIENTED_EDGE('',*,*,#1915,.T.);
#2872=ORIENTED_EDGE('',*,*,#1917,.T.);
#2873=ORIENTED_EDGE('',*,*,#1908,.T.);
#2874=ORIENTED_EDGE('',*,*,#1911,.T.);
#2875=ORIENTED_EDGE('',*,*,#1630,.T.);
#2876=ORIENTED_EDGE('',*,*,#1627,.T.);
#2877=ORIENTED_EDGE('',*,*,#1604,.T.);
#2878=ORIENTED_EDGE('',*,*,#1891,.T.);
#2879=ORIENTED_EDGE('',*,*,#1893,.T.);
#2880=ORIENTED_EDGE('',*,*,#1895,.T.);
#2881=ORIENTED_EDGE('',*,*,#1897,.T.);
#2882=ORIENTED_EDGE('',*,*,#1888,.T.);
#2883=ORIENTED_EDGE('',*,*,#1610,.T.);
#2884=ORIENTED_EDGE('',*,*,#1607,.T.);
#2885=ORIENTED_EDGE('',*,*,#2005,.T.);
#2886=ORIENTED_EDGE('',*,*,#2000,.F.);
#2887=ORIENTED_EDGE('',*,*,#2011,.F.);
#2888=ORIENTED_EDGE('',*,*,#2016,.T.);
#2889=ORIENTED_EDGE('',*,*,#2019,.T.);
#2890=ORIENTED_EDGE('',*,*,#2013,.T.);
#2891=ORIENTED_EDGE('',*,*,#2012,.F.);
#2892=ORIENTED_EDGE('',*,*,#1993,.T.);
#2893=ORIENTED_EDGE('',*,*,#1571,.T.);
#2894=ORIENTED_EDGE('',*,*,#1601,.T.);
#2895=ORIENTED_EDGE('',*,*,#1952,.T.);
#2896=ORIENTED_EDGE('',*,*,#1949,.T.);
#2897=ORIENTED_EDGE('',*,*,#1589,.T.);
#2898=ORIENTED_EDGE('',*,*,#1586,.T.);
#2899=ORIENTED_EDGE('',*,*,#1582,.T.);
#2900=ORIENTED_EDGE('',*,*,#1951,.T.);
#2901=ORIENTED_EDGE('',*,*,#1855,.T.);
#2902=ORIENTED_EDGE('',*,*,#1593,.T.);
#2903=ORIENTED_EDGE('',*,*,#1578,.T.);
#2904=ORIENTED_EDGE('',*,*,#1575,.T.);
#2905=ORIENTED_EDGE('',*,*,#1639,.T.);
#2906=ORIENTED_EDGE('',*,*,#1906,.T.);
#2907=ORIENTED_EDGE('',*,*,#1632,.T.);
#2908=ORIENTED_EDGE('',*,*,#1636,.T.);
#2909=ORIENTED_EDGE('',*,*,#1626,.T.);
#2910=ORIENTED_EDGE('',*,*,#1629,.T.);
#2911=ORIENTED_EDGE('',*,*,#1914,.T.);
#2912=ORIENTED_EDGE('',*,*,#1622,.T.);
#2913=ORIENTED_EDGE('',*,*,#1887,.T.);
#2914=ORIENTED_EDGE('',*,*,#1619,.T.);
#2915=ORIENTED_EDGE('',*,*,#1612,.T.);
#2916=ORIENTED_EDGE('',*,*,#1616,.T.);
#2917=ORIENTED_EDGE('',*,*,#1609,.T.);
#2918=ORIENTED_EDGE('',*,*,#1892,.T.);
#2919=ORIENTED_EDGE('',*,*,#1602,.T.);
#2920=ORIENTED_EDGE('',*,*,#1606,.T.);
#2921=PLANE('',#3259);
#2922=PLANE('',#3260);
#2923=PLANE('',#3261);
#2924=PLANE('',#3262);
#2925=PLANE('',#3263);
#2926=PLANE('',#3264);
#2927=PLANE('',#3265);
#2928=PLANE('',#3266);
#2929=PLANE('',#3267);
#2930=PLANE('',#3268);
#2931=PLANE('',#3269);
#2932=PLANE('',#3270);
#2933=PLANE('',#3271);
#2934=PLANE('',#3272);
#2935=PLANE('',#3273);
#2936=PLANE('',#3274);
#2937=PLANE('',#3275);
#2938=PLANE('',#3276);
#2939=PLANE('',#3277);
#2940=PLANE('',#3278);
#2941=PLANE('',#3279);
#2942=PLANE('',#3280);
#2943=PLANE('',#3281);
#2944=PLANE('',#3282);
#2945=PLANE('',#3283);
#2946=PLANE('',#3284);
#2947=PLANE('',#3285);
#2948=PLANE('',#3286);
#2949=PLANE('',#3287);
#2950=PLANE('',#3288);
#2951=PLANE('',#3289);
#2952=PLANE('',#3290);
#2953=PLANE('',#3291);
#2954=PLANE('',#3292);
#2955=PLANE('',#3293);
#2956=PLANE('',#3294);
#2957=PLANE('',#3295);
#2958=PLANE('',#3296);
#2959=PLANE('',#3297);
#2960=PLANE('',#3298);
#2961=PLANE('',#3299);
#2962=PLANE('',#3300);
#2963=PLANE('',#3301);
#2964=PLANE('',#3302);
#2965=PLANE('',#3303);
#2966=PLANE('',#3304);
#2967=PLANE('',#3305);
#2968=PLANE('',#3306);
#2969=PLANE('',#3307);
#2970=PLANE('',#3308);
#2971=PLANE('',#3309);
#2972=PLANE('',#3310);
#2973=PLANE('',#3311);
#2974=PLANE('',#3312);
#2975=PLANE('',#3313);
#2976=PLANE('',#3314);
#2977=PLANE('',#3315);
#2978=PLANE('',#3316);
#2979=PLANE('',#3317);
#2980=PLANE('',#3318);
#2981=PLANE('',#3319);
#2982=PLANE('',#3320);
#2983=PLANE('',#3321);
#2984=PLANE('',#3322);
#2985=PLANE('',#3323);
#2986=PLANE('',#3324);
#2987=PLANE('',#3325);
#2988=PLANE('',#3326);
#2989=PLANE('',#3327);
#2990=PLANE('',#3328);
#2991=PLANE('',#3329);
#2992=PLANE('',#3330);
#2993=PLANE('',#3331);
#2994=PLANE('',#3338);
#2995=PLANE('',#3339);
#2996=PLANE('',#3340);
#2997=PLANE('',#3341);
#2998=PLANE('',#3342);
#2999=PLANE('',#3343);
#3000=PLANE('',#3344);
#3001=PLANE('',#3345);
#3002=PLANE('',#3346);
#3003=PLANE('',#3347);
#3004=PLANE('',#3348);
#3005=PLANE('',#3349);
#3006=PLANE('',#3350);
#3007=PLANE('',#3351);
#3008=PLANE('',#3352);
#3009=PLANE('',#3353);
#3010=PLANE('',#3354);
#3011=PLANE('',#3355);
#3012=PLANE('',#3356);
#3013=PLANE('',#3357);
#3014=PLANE('',#3358);
#3015=PLANE('',#3359);
#3016=PLANE('',#3360);
#3017=PLANE('',#3361);
#3018=PLANE('',#3362);
#3019=PLANE('',#3363);
#3020=PLANE('',#3364);
#3021=PLANE('',#3365);
#3022=PLANE('',#3366);
#3023=PLANE('',#3367);
#3024=PLANE('',#3368);
#3025=PLANE('',#3369);
#3026=PLANE('',#3370);
#3027=PLANE('',#3371);
#3028=PLANE('',#3372);
#3029=PLANE('',#3373);
#3030=PLANE('',#3374);
#3031=PLANE('',#3375);
#3032=PLANE('',#3376);
#3033=PLANE('',#3377);
#3034=PLANE('',#3378);
#3035=PLANE('',#3379);
#3036=PLANE('',#3380);
#3037=PLANE('',#3381);
#3038=PLANE('',#3382);
#3039=PLANE('',#3383);
#3040=PLANE('',#3384);
#3041=PLANE('',#3385);
#3042=PLANE('',#3386);
#3043=PLANE('',#3387);
#3044=PLANE('',#3388);
#3045=PLANE('',#3389);
#3046=PLANE('',#3390);
#3047=PLANE('',#3391);
#3048=PLANE('',#3392);
#3049=PLANE('',#3393);
#3050=PLANE('',#3394);
#3051=PLANE('',#3395);
#3052=PLANE('',#3396);
#3053=PLANE('',#3397);
#3054=PLANE('',#3398);
#3055=PLANE('',#3399);
#3056=PLANE('',#3400);
#3057=PLANE('',#3401);
#3058=PLANE('',#3402);
#3059=PLANE('',#3403);
#3060=PLANE('',#3404);
#3061=PLANE('',#3407);
#3062=PLANE('',#3410);
#3063=PLANE('',#3413);
#3064=PLANE('',#3416);
#3065=PLANE('',#3420);
#3066=PLANE('',#3424);
#3067=PLANE('',#3425);
#3068=PLANE('',#3426);
#3069=PLANE('',#3427);
#3070=PLANE('',#3430);
#3071=PLANE('',#3432);
#3072=PLANE('',#3434);
#3073=PLANE('',#3435);
#3074=PLANE('',#3436);
#3075=PLANE('',#3437);
#3076=PLANE('',#3438);
#3077=PLANE('',#3439);
#3078=PLANE('',#3440);
#3079=ADVANCED_FACE('',(#59),#2921,.F.);
#3080=ADVANCED_FACE('',(#60),#2922,.F.);
#3081=ADVANCED_FACE('',(#61),#2923,.F.);
#3082=ADVANCED_FACE('',(#62),#2924,.F.);
#3083=ADVANCED_FACE('',(#63),#2925,.F.);
#3084=ADVANCED_FACE('',(#64),#2926,.F.);
#3085=ADVANCED_FACE('',(#65),#2927,.F.);
#3086=ADVANCED_FACE('',(#66),#2928,.F.);
#3087=ADVANCED_FACE('',(#67),#2929,.F.);
#3088=ADVANCED_FACE('',(#68),#2930,.F.);
#3089=ADVANCED_FACE('',(#69),#2931,.F.);
#3090=ADVANCED_FACE('',(#70),#2932,.F.);
#3091=ADVANCED_FACE('',(#71),#2933,.F.);
#3092=ADVANCED_FACE('',(#72),#2934,.F.);
#3093=ADVANCED_FACE('',(#73),#2935,.F.);
#3094=ADVANCED_FACE('',(#74),#2936,.F.);
#3095=ADVANCED_FACE('',(#75),#2937,.F.);
#3096=ADVANCED_FACE('',(#76),#2938,.F.);
#3097=ADVANCED_FACE('',(#77),#2939,.F.);
#3098=ADVANCED_FACE('',(#78),#2940,.F.);
#3099=ADVANCED_FACE('',(#79),#2941,.F.);
#3100=ADVANCED_FACE('',(#80),#2942,.T.);
#3101=ADVANCED_FACE('',(#81),#2943,.T.);
#3102=ADVANCED_FACE('',(#82),#2944,.T.);
#3103=ADVANCED_FACE('',(#83),#2945,.T.);
#3104=ADVANCED_FACE('',(#84),#2946,.T.);
#3105=ADVANCED_FACE('',(#85),#2947,.T.);
#3106=ADVANCED_FACE('',(#86),#2948,.T.);
#3107=ADVANCED_FACE('',(#87),#2949,.T.);
#3108=ADVANCED_FACE('',(#88),#2950,.T.);
#3109=ADVANCED_FACE('',(#89),#2951,.T.);
#3110=ADVANCED_FACE('',(#90),#2952,.T.);
#3111=ADVANCED_FACE('',(#91),#2953,.T.);
#3112=ADVANCED_FACE('',(#92),#2954,.T.);
#3113=ADVANCED_FACE('',(#93),#2955,.T.);
#3114=ADVANCED_FACE('',(#94),#2956,.T.);
#3115=ADVANCED_FACE('',(#95),#2957,.T.);
#3116=ADVANCED_FACE('',(#96),#2958,.T.);
#3117=ADVANCED_FACE('',(#97),#2959,.T.);
#3118=ADVANCED_FACE('',(#98),#2960,.T.);
#3119=ADVANCED_FACE('',(#99),#2961,.T.);
#3120=ADVANCED_FACE('',(#100),#2962,.T.);
#3121=ADVANCED_FACE('',(#101),#2963,.T.);
#3122=ADVANCED_FACE('',(#102),#2964,.T.);
#3123=ADVANCED_FACE('',(#103),#2965,.T.);
#3124=ADVANCED_FACE('',(#104),#2966,.T.);
#3125=ADVANCED_FACE('',(#105),#2967,.T.);
#3126=ADVANCED_FACE('',(#106),#2968,.T.);
#3127=ADVANCED_FACE('',(#107),#2969,.T.);
#3128=ADVANCED_FACE('',(#108),#2970,.T.);
#3129=ADVANCED_FACE('',(#109),#2971,.T.);
#3130=ADVANCED_FACE('',(#110),#2972,.T.);
#3131=ADVANCED_FACE('',(#111),#2973,.T.);
#3132=ADVANCED_FACE('',(#112),#2974,.T.);
#3133=ADVANCED_FACE('',(#113),#2975,.T.);
#3134=ADVANCED_FACE('',(#114),#2976,.T.);
#3135=ADVANCED_FACE('',(#115),#2977,.T.);
#3136=ADVANCED_FACE('',(#116),#2978,.T.);
#3137=ADVANCED_FACE('',(#117),#2979,.T.);
#3138=ADVANCED_FACE('',(#118),#2980,.T.);
#3139=ADVANCED_FACE('',(#119),#2981,.T.);
#3140=ADVANCED_FACE('',(#120),#2982,.T.);
#3141=ADVANCED_FACE('',(#121),#2983,.T.);
#3142=ADVANCED_FACE('',(#122),#2984,.T.);
#3143=ADVANCED_FACE('',(#123),#2985,.T.);
#3144=ADVANCED_FACE('',(#124),#2986,.T.);
#3145=ADVANCED_FACE('',(#125),#2987,.T.);
#3146=ADVANCED_FACE('',(#126),#2988,.T.);
#3147=ADVANCED_FACE('',(#127),#2989,.T.);
#3148=ADVANCED_FACE('',(#128),#2990,.T.);
#3149=ADVANCED_FACE('',(#129),#2991,.T.);
#3150=ADVANCED_FACE('',(#130),#2992,.T.);
#3151=ADVANCED_FACE('',(#131,#23,#24,#25,#26,#27),#2993,.T.);
#3152=ADVANCED_FACE('',(#132),#2994,.T.);
#3153=ADVANCED_FACE('',(#133),#2995,.T.);
#3154=ADVANCED_FACE('',(#134),#2996,.T.);
#3155=ADVANCED_FACE('',(#135),#2997,.T.);
#3156=ADVANCED_FACE('',(#136),#2998,.T.);
#3157=ADVANCED_FACE('',(#137),#2999,.T.);
#3158=ADVANCED_FACE('',(#138),#3000,.T.);
#3159=ADVANCED_FACE('',(#139),#3001,.T.);
#3160=ADVANCED_FACE('',(#140),#3002,.T.);
#3161=ADVANCED_FACE('',(#141),#3003,.T.);
#3162=ADVANCED_FACE('',(#142),#3004,.T.);
#3163=ADVANCED_FACE('',(#143),#3005,.T.);
#3164=ADVANCED_FACE('',(#144),#3006,.T.);
#3165=ADVANCED_FACE('',(#145),#3007,.T.);
#3166=ADVANCED_FACE('',(#146),#3008,.T.);
#3167=ADVANCED_FACE('',(#147),#3009,.T.);
#3168=ADVANCED_FACE('',(#148),#3010,.F.);
#3169=ADVANCED_FACE('',(#149),#3011,.F.);
#3170=ADVANCED_FACE('',(#150),#3012,.F.);
#3171=ADVANCED_FACE('',(#151),#3013,.F.);
#3172=ADVANCED_FACE('',(#152),#3014,.T.);
#3173=ADVANCED_FACE('',(#153),#3015,.T.);
#3174=ADVANCED_FACE('',(#154),#3016,.T.);
#3175=ADVANCED_FACE('',(#155),#3017,.T.);
#3176=ADVANCED_FACE('',(#156),#3018,.T.);
#3177=ADVANCED_FACE('',(#157),#3019,.T.);
#3178=ADVANCED_FACE('',(#158),#3020,.T.);
#3179=ADVANCED_FACE('',(#159),#3021,.T.);
#3180=ADVANCED_FACE('',(#160),#3022,.T.);
#3181=ADVANCED_FACE('',(#161),#3023,.T.);
#3182=ADVANCED_FACE('',(#162),#3024,.T.);
#3183=ADVANCED_FACE('',(#163),#3025,.T.);
#3184=ADVANCED_FACE('',(#164),#3026,.T.);
#3185=ADVANCED_FACE('',(#165),#3027,.T.);
#3186=ADVANCED_FACE('',(#166),#3028,.T.);
#3187=ADVANCED_FACE('',(#167),#3029,.T.);
#3188=ADVANCED_FACE('',(#168),#3030,.T.);
#3189=ADVANCED_FACE('',(#169),#3031,.T.);
#3190=ADVANCED_FACE('',(#170),#3032,.T.);
#3191=ADVANCED_FACE('',(#171),#3033,.T.);
#3192=ADVANCED_FACE('',(#172),#3034,.T.);
#3193=ADVANCED_FACE('',(#173),#3035,.T.);
#3194=ADVANCED_FACE('',(#174),#3036,.T.);
#3195=ADVANCED_FACE('',(#175),#3037,.T.);
#3196=ADVANCED_FACE('',(#176),#3038,.T.);
#3197=ADVANCED_FACE('',(#177),#3039,.F.);
#3198=ADVANCED_FACE('',(#178),#3040,.F.);
#3199=ADVANCED_FACE('',(#179),#3041,.F.);
#3200=ADVANCED_FACE('',(#180),#3042,.F.);
#3201=ADVANCED_FACE('',(#181),#3043,.F.);
#3202=ADVANCED_FACE('',(#182),#3044,.F.);
#3203=ADVANCED_FACE('',(#183),#3045,.F.);
#3204=ADVANCED_FACE('',(#184),#3046,.F.);
#3205=ADVANCED_FACE('',(#185),#3047,.F.);
#3206=ADVANCED_FACE('',(#186),#3048,.F.);
#3207=ADVANCED_FACE('',(#187),#3049,.F.);
#3208=ADVANCED_FACE('',(#188),#3050,.F.);
#3209=ADVANCED_FACE('',(#189),#3051,.F.);
#3210=ADVANCED_FACE('',(#190),#3052,.F.);
#3211=ADVANCED_FACE('',(#191),#3053,.F.);
#3212=ADVANCED_FACE('',(#192),#3054,.F.);
#3213=ADVANCED_FACE('',(#193),#3055,.F.);
#3214=ADVANCED_FACE('',(#194),#3056,.F.);
#3215=ADVANCED_FACE('',(#195),#3057,.F.);
#3216=ADVANCED_FACE('',(#196),#3058,.F.);
#3217=ADVANCED_FACE('',(#197),#3059,.F.);
#3218=ADVANCED_FACE('',(#198),#3060,.F.);
#3219=ADVANCED_FACE('',(#199),#15,.T.);
#3220=ADVANCED_FACE('',(#200),#3061,.T.);
#3221=ADVANCED_FACE('',(#201),#16,.T.);
#3222=ADVANCED_FACE('',(#202),#3062,.T.);
#3223=ADVANCED_FACE('',(#203),#17,.T.);
#3224=ADVANCED_FACE('',(#204),#3063,.T.);
#3225=ADVANCED_FACE('',(#205),#18,.T.);
#3226=ADVANCED_FACE('',(#206),#3064,.T.);
#3227=ADVANCED_FACE('',(#207),#19,.F.);
#3228=ADVANCED_FACE('',(#208),#3065,.T.);
#3229=ADVANCED_FACE('',(#209),#20,.F.);
#3230=ADVANCED_FACE('',(#210),#3066,.T.);
#3231=ADVANCED_FACE('',(#211,#28),#3067,.T.);
#3232=ADVANCED_FACE('',(#212,#29),#3068,.T.);
#3233=ADVANCED_FACE('',(#213,#30,#31),#3069,.T.);
#3234=ADVANCED_FACE('',(#214),#3070,.F.);
#3235=ADVANCED_FACE('',(#215),#21,.T.);
#3236=ADVANCED_FACE('',(#216),#3071,.T.);
#3237=ADVANCED_FACE('',(#217),#22,.T.);
#3238=ADVANCED_FACE('',(#218,#32),#3072,.T.);
#3239=ADVANCED_FACE('',(#219),#3073,.T.);
#3240=ADVANCED_FACE('',(#220),#3074,.T.);
#3241=ADVANCED_FACE('',(#221),#3075,.T.);
#3242=ADVANCED_FACE('',(#222),#3076,.T.);
#3243=ADVANCED_FACE('',(#223,#33,#34,#35,#36,#37),#3077,.T.);
#3244=ADVANCED_FACE('',(#224,#38,#39,#40,#41,#42),#3078,.F.);
#3245=CLOSED_SHELL('',(#3079,#3080,#3081,#3082,#3083,#3084,#3085,#3086,
#3087,#3088,#3089,#3090,#3091,#3092,#3093,#3094,#3095,#3096,#3097,#3098,
#3099,#3100,#3101,#3102,#3103,#3104,#3105,#3106,#3107,#3108,#3109,#3110,
#3111,#3112,#3113,#3114,#3115,#3116,#3117,#3118,#3119,#3120,#3121,#3122,
#3123,#3124,#3125,#3126,#3127,#3128,#3129,#3130,#3131,#3132,#3133,#3134,
#3135,#3136,#3137,#3138,#3139,#3140,#3141,#3142,#3143,#3144,#3145,#3146,
#3147,#3148,#3149,#3150,#3151,#3152,#3153,#3154,#3155,#3156,#3157,#3158,
#3159,#3160,#3161,#3162,#3163,#3164,#3165,#3166,#3167,#3168,#3169,#3170,
#3171,#3172,#3173,#3174,#3175,#3176,#3177,#3178,#3179,#3180,#3181,#3182,
#3183,#3184,#3185,#3186,#3187,#3188,#3189,#3190,#3191,#3192,#3193,#3194,
#3195,#3196,#3197,#3198,#3199,#3200,#3201,#3202,#3203,#3204,#3205,#3206,
#3207,#3208,#3209,#3210,#3211,#3212,#3213,#3214,#3215,#3216,#3217,#3218,
#3219,#3220,#3221,#3222,#3223,#3224,#3225,#3226,#3227,#3228,#3229,#3230,
#3231,#3232,#3233,#3234,#3235,#3236,#3237,#3238,#3239,#3240,#3241,#3242,
#3243,#3244));
#3246=DERIVED_UNIT_ELEMENT(#3248,1.);
#3247=DERIVED_UNIT_ELEMENT(#5155,-3.);
#3248=(
MASS_UNIT()
NAMED_UNIT(*)
SI_UNIT(.KILO.,.GRAM.)
);
#3249=DERIVED_UNIT((#3246,#3247));
#3250=MEASURE_REPRESENTATION_ITEM('density measure',
POSITIVE_RATIO_MEASURE(7850.),#3249);
#3251=PROPERTY_DEFINITION_REPRESENTATION(#3256,#3253);
#3252=PROPERTY_DEFINITION_REPRESENTATION(#3257,#3254);
#3253=REPRESENTATION('material name',(#3255),#5152);
#3254=REPRESENTATION('density',(#3250),#5152);
#3255=DESCRIPTIVE_REPRESENTATION_ITEM('Steel','Steel');
#3256=PROPERTY_DEFINITION('material property','material name',#5162);
#3257=PROPERTY_DEFINITION('material property','density of part',#5162);
#3258=AXIS2_PLACEMENT_3D('',#4241,#3441,#3442);
#3259=AXIS2_PLACEMENT_3D('',#4242,#3443,#3444);
#3260=AXIS2_PLACEMENT_3D('',#4251,#3449,#3450);
#3261=AXIS2_PLACEMENT_3D('',#4257,#3454,#3455);
#3262=AXIS2_PLACEMENT_3D('',#4263,#3459,#3460);
#3263=AXIS2_PLACEMENT_3D('',#4265,#3462,#3463);
#3264=AXIS2_PLACEMENT_3D('',#4274,#3468,#3469);
#3265=AXIS2_PLACEMENT_3D('',#4280,#3473,#3474);
#3266=AXIS2_PLACEMENT_3D('',#4286,#3478,#3479);
#3267=AXIS2_PLACEMENT_3D('',#4288,#3481,#3482);
#3268=AXIS2_PLACEMENT_3D('',#4306,#3492,#3493);
#3269=AXIS2_PLACEMENT_3D('',#4315,#3498,#3499);
#3270=AXIS2_PLACEMENT_3D('',#4321,#3503,#3504);
#3271=AXIS2_PLACEMENT_3D('',#4327,#3508,#3509);
#3272=AXIS2_PLACEMENT_3D('',#4336,#3514,#3515);
#3273=AXIS2_PLACEMENT_3D('',#4342,#3519,#3520);
#3274=AXIS2_PLACEMENT_3D('',#4348,#3524,#3525);
#3275=AXIS2_PLACEMENT_3D('',#4357,#3530,#3531);
#3276=AXIS2_PLACEMENT_3D('',#4363,#3535,#3536);
#3277=AXIS2_PLACEMENT_3D('',#4369,#3540,#3541);
#3278=AXIS2_PLACEMENT_3D('',#4378,#3546,#3547);
#3279=AXIS2_PLACEMENT_3D('',#4384,#3551,#3552);
#3280=AXIS2_PLACEMENT_3D('',#4390,#3556,#3557);
#3281=AXIS2_PLACEMENT_3D('',#4399,#3562,#3563);
#3282=AXIS2_PLACEMENT_3D('',#4408,#3568,#3569);
#3283=AXIS2_PLACEMENT_3D('',#4417,#3574,#3575);
#3284=AXIS2_PLACEMENT_3D('',#4420,#3578,#3579);
#3285=AXIS2_PLACEMENT_3D('',#4427,#3584,#3585);
#3286=AXIS2_PLACEMENT_3D('',#4431,#3588,#3589);
#3287=AXIS2_PLACEMENT_3D('',#4437,#3593,#3594);
#3288=AXIS2_PLACEMENT_3D('',#4446,#3599,#3600);
#3289=AXIS2_PLACEMENT_3D('',#4455,#3605,#3606);
#3290=AXIS2_PLACEMENT_3D('',#4461,#3610,#3611);
#3291=AXIS2_PLACEMENT_3D('',#4467,#3615,#3616);
#3292=AXIS2_PLACEMENT_3D('',#4474,#3621,#3622);
#3293=AXIS2_PLACEMENT_3D('',#4480,#3626,#3627);
#3294=AXIS2_PLACEMENT_3D('',#4493,#3635,#3636);
#3295=AXIS2_PLACEMENT_3D('',#4497,#3639,#3640);
#3296=AXIS2_PLACEMENT_3D('',#4506,#3645,#3646);
#3297=AXIS2_PLACEMENT_3D('',#4515,#3651,#3652);
#3298=AXIS2_PLACEMENT_3D('',#4521,#3656,#3657);
#3299=AXIS2_PLACEMENT_3D('',#4527,#3661,#3662);
#3300=AXIS2_PLACEMENT_3D('',#4530,#3665,#3666);
#3301=AXIS2_PLACEMENT_3D('',#4536,#3670,#3671);
#3302=AXIS2_PLACEMENT_3D('',#4538,#3673,#3674);
#3303=AXIS2_PLACEMENT_3D('',#4544,#3678,#3679);
#3304=AXIS2_PLACEMENT_3D('',#4550,#3683,#3684);
#3305=AXIS2_PLACEMENT_3D('',#4558,#3689,#3690);
#3306=AXIS2_PLACEMENT_3D('',#4562,#3693,#3694);
#3307=AXIS2_PLACEMENT_3D('',#4571,#3699,#3700);
#3308=AXIS2_PLACEMENT_3D('',#4577,#3704,#3705);
#3309=AXIS2_PLACEMENT_3D('',#4580,#3708,#3709);
#3310=AXIS2_PLACEMENT_3D('',#4586,#3713,#3714);
#3311=AXIS2_PLACEMENT_3D('',#4591,#3718,#3719);
#3312=AXIS2_PLACEMENT_3D('',#4597,#3723,#3724);
#3313=AXIS2_PLACEMENT_3D('',#4601,#3727,#3728);
#3314=AXIS2_PLACEMENT_3D('',#4605,#3731,#3732);
#3315=AXIS2_PLACEMENT_3D('',#4609,#3735,#3736);
#3316=AXIS2_PLACEMENT_3D('',#4613,#3739,#3740);
#3317=AXIS2_PLACEMENT_3D('',#4619,#3744,#3745);
#3318=AXIS2_PLACEMENT_3D('',#4627,#3750,#3751);
#3319=AXIS2_PLACEMENT_3D('',#4633,#3755,#3756);
#3320=AXIS2_PLACEMENT_3D('',#4638,#3760,#3761);
#3321=AXIS2_PLACEMENT_3D('',#4642,#3764,#3765);
#3322=AXIS2_PLACEMENT_3D('',#4646,#3768,#3769);
#3323=AXIS2_PLACEMENT_3D('',#4652,#3773,#3774);
#3324=AXIS2_PLACEMENT_3D('',#4654,#3776,#3777);
#3325=AXIS2_PLACEMENT_3D('',#4660,#3781,#3782);
#3326=AXIS2_PLACEMENT_3D('',#4664,#3785,#3786);
#3327=AXIS2_PLACEMENT_3D('',#4668,#3789,#3790);
#3328=AXIS2_PLACEMENT_3D('',#4670,#3792,#3793);
#3329=AXIS2_PLACEMENT_3D('',#4676,#3797,#3798);
#3330=AXIS2_PLACEMENT_3D('',#4682,#3802,#3803);
#3331=AXIS2_PLACEMENT_3D('',#4684,#3805,#3806);
#3332=AXIS2_PLACEMENT_3D('',#4688,#3808,#3809);
#3333=AXIS2_PLACEMENT_3D('',#4700,#3815,#3816);
#3334=AXIS2_PLACEMENT_3D('',#4715,#3824,#3825);
#3335=AXIS2_PLACEMENT_3D('',#4717,#3826,#3827);
#3336=AXIS2_PLACEMENT_3D('',#4719,#3828,#3829);
#3337=AXIS2_PLACEMENT_3D('',#4721,#3830,#3831);
#3338=AXIS2_PLACEMENT_3D('',#4746,#3844,#3845);
#3339=AXIS2_PLACEMENT_3D('',#4752,#3849,#3850);
#3340=AXIS2_PLACEMENT_3D('',#4756,#3853,#3854);
#3341=AXIS2_PLACEMENT_3D('',#4760,#3857,#3858);
#3342=AXIS2_PLACEMENT_3D('',#4762,#3860,#3861);
#3343=AXIS2_PLACEMENT_3D('',#4765,#3864,#3865);
#3344=AXIS2_PLACEMENT_3D('',#4767,#3867,#3868);
#3345=AXIS2_PLACEMENT_3D('',#4769,#3870,#3871);
#3346=AXIS2_PLACEMENT_3D('',#4770,#3872,#3873);
#3347=AXIS2_PLACEMENT_3D('',#4776,#3877,#3878);
#3348=AXIS2_PLACEMENT_3D('',#4780,#3881,#3882);
#3349=AXIS2_PLACEMENT_3D('',#4784,#3885,#3886);
#3350=AXIS2_PLACEMENT_3D('',#4786,#3888,#3889);
#3351=AXIS2_PLACEMENT_3D('',#4789,#3892,#3893);
#3352=AXIS2_PLACEMENT_3D('',#4792,#3896,#3897);
#3353=AXIS2_PLACEMENT_3D('',#4793,#3898,#3899);
#3354=AXIS2_PLACEMENT_3D('',#4794,#3900,#3901);
#3355=AXIS2_PLACEMENT_3D('',#4803,#3906,#3907);
#3356=AXIS2_PLACEMENT_3D('',#4809,#3911,#3912);
#3357=AXIS2_PLACEMENT_3D('',#4815,#3916,#3917);
#3358=AXIS2_PLACEMENT_3D('',#4822,#3922,#3923);
#3359=AXIS2_PLACEMENT_3D('',#4831,#3928,#3929);
#3360=AXIS2_PLACEMENT_3D('',#4840,#3934,#3935);
#3361=AXIS2_PLACEMENT_3D('',#4849,#3940,#3941);
#3362=AXIS2_PLACEMENT_3D('',#4858,#3946,#3947);
#3363=AXIS2_PLACEMENT_3D('',#4867,#3952,#3953);
#3364=AXIS2_PLACEMENT_3D('',#4873,#3957,#3958);
#3365=AXIS2_PLACEMENT_3D('',#4877,#3961,#3962);
#3366=AXIS2_PLACEMENT_3D('',#4881,#3965,#3966);
#3367=AXIS2_PLACEMENT_3D('',#4885,#3970,#3971);
#3368=AXIS2_PLACEMENT_3D('',#4893,#3977,#3978);
#3369=AXIS2_PLACEMENT_3D('',#4897,#3981,#3982);
#3370=AXIS2_PLACEMENT_3D('',#4901,#3985,#3986);
#3371=AXIS2_PLACEMENT_3D('',#4903,#3988,#3989);
#3372=AXIS2_PLACEMENT_3D('',#4909,#3993,#3994);
#3373=AXIS2_PLACEMENT_3D('',#4913,#3997,#3998);
#3374=AXIS2_PLACEMENT_3D('',#4919,#4003,#4004);
#3375=AXIS2_PLACEMENT_3D('',#4921,#4006,#4007);
#3376=AXIS2_PLACEMENT_3D('',#4927,#4011,#4012);
#3377=AXIS2_PLACEMENT_3D('',#4933,#4017,#4018);
#3378=AXIS2_PLACEMENT_3D('',#4937,#4021,#4022);
#3379=AXIS2_PLACEMENT_3D('',#4939,#4024,#4025);
#3380=AXIS2_PLACEMENT_3D('',#4945,#4029,#4030);
#3381=AXIS2_PLACEMENT_3D('',#4949,#4033,#4034);
#3382=AXIS2_PLACEMENT_3D('',#4953,#4037,#4038);
#3383=AXIS2_PLACEMENT_3D('',#4955,#4040,#4041);
#3384=AXIS2_PLACEMENT_3D('',#4964,#4046,#4047);
#3385=AXIS2_PLACEMENT_3D('',#4970,#4051,#4052);
#3386=AXIS2_PLACEMENT_3D('',#4976,#4056,#4057);
#3387=AXIS2_PLACEMENT_3D('',#4982,#4061,#4062);
#3388=AXIS2_PLACEMENT_3D('',#4988,#4066,#4067);
#3389=AXIS2_PLACEMENT_3D('',#4990,#4069,#4070);
#3390=AXIS2_PLACEMENT_3D('',#4998,#4077,#4078);
#3391=AXIS2_PLACEMENT_3D('',#5003,#4082,#4083);
#3392=AXIS2_PLACEMENT_3D('',#5005,#4085,#4086);
#3393=AXIS2_PLACEMENT_3D('',#5011,#4090,#4091);
#3394=AXIS2_PLACEMENT_3D('',#5015,#4094,#4095);
#3395=AXIS2_PLACEMENT_3D('',#5019,#4098,#4099);
#3396=AXIS2_PLACEMENT_3D('',#5023,#4102,#4103);
#3397=AXIS2_PLACEMENT_3D('',#5027,#4106,#4107);
#3398=AXIS2_PLACEMENT_3D('',#5031,#4110,#4111);
#3399=AXIS2_PLACEMENT_3D('',#5035,#4114,#4115);
#3400=AXIS2_PLACEMENT_3D('',#5039,#4118,#4119);
#3401=AXIS2_PLACEMENT_3D('',#5043,#4122,#4123);
#3402=AXIS2_PLACEMENT_3D('',#5047,#4126,#4127);
#3403=AXIS2_PLACEMENT_3D('',#5051,#4130,#4131);
#3404=AXIS2_PLACEMENT_3D('',#5053,#4133,#4134);
#3405=AXIS2_PLACEMENT_3D('',#5054,#4135,#4136);
#3406=AXIS2_PLACEMENT_3D('',#5056,#4137,#4138);
#3407=AXIS2_PLACEMENT_3D('',#5058,#4140,#4141);
#3408=AXIS2_PLACEMENT_3D('',#5059,#4142,#4143);
#3409=AXIS2_PLACEMENT_3D('',#5061,#4144,#4145);
#3410=AXIS2_PLACEMENT_3D('',#5063,#4147,#4148);
#3411=AXIS2_PLACEMENT_3D('',#5064,#4149,#4150);
#3412=AXIS2_PLACEMENT_3D('',#5066,#4151,#4152);
#3413=AXIS2_PLACEMENT_3D('',#5068,#4154,#4155);
#3414=AXIS2_PLACEMENT_3D('',#5069,#4156,#4157);
#3415=AXIS2_PLACEMENT_3D('',#5071,#4158,#4159);
#3416=AXIS2_PLACEMENT_3D('',#5073,#4161,#4162);
#3417=AXIS2_PLACEMENT_3D('',#5074,#4163,#4164);
#3418=AXIS2_PLACEMENT_3D('',#5076,#4165,#4166);
#3419=AXIS2_PLACEMENT_3D('',#5079,#4168,#4169);
#3420=AXIS2_PLACEMENT_3D('',#5080,#4170,#4171);
#3421=AXIS2_PLACEMENT_3D('',#5081,#4172,#4173);
#3422=AXIS2_PLACEMENT_3D('',#5083,#4174,#4175);
#3423=AXIS2_PLACEMENT_3D('',#5086,#4177,#4178);
#3424=AXIS2_PLACEMENT_3D('',#5087,#4179,#4180);
#3425=AXIS2_PLACEMENT_3D('',#5088,#4181,#4182);
#3426=AXIS2_PLACEMENT_3D('',#5098,#4188,#4189);
#3427=AXIS2_PLACEMENT_3D('',#5108,#4195,#4196);
#3428=AXIS2_PLACEMENT_3D('',#5112,#4198,#4199);
#3429=AXIS2_PLACEMENT_3D('',#5114,#4201,#4202);
#3430=AXIS2_PLACEMENT_3D('',#5115,#4203,#4204);
#3431=AXIS2_PLACEMENT_3D('',#5117,#4206,#4207);
#3432=AXIS2_PLACEMENT_3D('',#5119,#4209,#4210);
#3433=AXIS2_PLACEMENT_3D('',#5121,#4212,#4213);
#3434=AXIS2_PLACEMENT_3D('',#5122,#4214,#4215);
#3435=AXIS2_PLACEMENT_3D('',#5132,#4221,#4222);
#3436=AXIS2_PLACEMENT_3D('',#5133,#4223,#4224);
#3437=AXIS2_PLACEMENT_3D('',#5139,#4228,#4229);
#3438=AXIS2_PLACEMENT_3D('',#5145,#4233,#4234);
#3439=AXIS2_PLACEMENT_3D('',#5148,#4237,#4238);
#3440=AXIS2_PLACEMENT_3D('',#5149,#4239,#4240);
#3441=DIRECTION('axis',(0.,0.,1.));
#3442=DIRECTION('refdir',(1.,0.,0.));
#3443=DIRECTION('center_axis',(1.,0.,0.));
#3444=DIRECTION('ref_axis',(0.,1.,0.));
#3445=DIRECTION('',(0.,1.,0.));
#3446=DIRECTION('',(0.,0.,1.));
#3447=DIRECTION('',(0.,1.,0.));
#3448=DIRECTION('',(0.,0.,1.));
#3449=DIRECTION('center_axis',(0.,-1.,0.));
#3450=DIRECTION('ref_axis',(1.,0.,0.));
#3451=DIRECTION('',(1.,0.,0.));
#3452=DIRECTION('',(0.,0.,1.));
#3453=DIRECTION('',(1.,0.,0.));
#3454=DIRECTION('center_axis',(-1.,0.,0.));
#3455=DIRECTION('ref_axis',(0.,-1.,0.));
#3456=DIRECTION('',(0.,-1.,0.));
#3457=DIRECTION('',(0.,0.,-1.));
#3458=DIRECTION('',(0.,-1.,0.));
#3459=DIRECTION('center_axis',(0.,0.,1.));
#3460=DIRECTION('ref_axis',(1.,0.,0.));
#3461=DIRECTION('',(-1.,-1.77635683940025E-16,0.));
#3462=DIRECTION('center_axis',(-1.,0.,0.));
#3463=DIRECTION('ref_axis',(0.,-1.,0.));
#3464=DIRECTION('',(0.,-1.,0.));
#3465=DIRECTION('',(0.,0.,1.));
#3466=DIRECTION('',(0.,-1.,0.));
#3467=DIRECTION('',(0.,0.,1.));
#3468=DIRECTION('center_axis',(0.,1.,0.));
#3469=DIRECTION('ref_axis',(-1.,0.,0.));
#3470=DIRECTION('',(-1.,0.,0.));
#3471=DIRECTION('',(0.,0.,1.));
#3472=DIRECTION('',(-1.,0.,0.));
#3473=DIRECTION('center_axis',(1.,0.,0.));
#3474=DIRECTION('ref_axis',(0.,1.,0.));
#3475=DIRECTION('',(0.,1.,0.));
#3476=DIRECTION('',(0.,0.,-1.));
#3477=DIRECTION('',(0.,1.,0.));
#3478=DIRECTION('center_axis',(0.,0.,1.));
#3479=DIRECTION('ref_axis',(1.,0.,0.));
#3480=DIRECTION('',(1.,3.5527136788005E-16,0.));
#3481=DIRECTION('center_axis',(1.77635683940025E-16,-1.,0.));
#3482=DIRECTION('ref_axis',(1.,1.77635683940025E-16,0.));
#3483=DIRECTION('',(1.,1.77635683940025E-16,0.));
#3484=DIRECTION('',(0.,0.,1.));
#3485=DIRECTION('',(1.,1.77635683940025E-16,0.));
#3486=DIRECTION('',(0.,0.,-1.));
#3487=DIRECTION('',(1.,1.77635683940025E-16,0.));
#3488=DIRECTION('',(0.,0.,1.));
#3489=DIRECTION('',(1.,1.77635683940025E-16,0.));
#3490=DIRECTION('',(0.,0.,1.));
#3491=DIRECTION('',(1.,1.77635683940025E-16,0.));
#3492=DIRECTION('center_axis',(0.,-1.,0.));
#3493=DIRECTION('ref_axis',(-1.,0.,0.));
#3494=DIRECTION('',(1.,0.,0.));
#3495=DIRECTION('',(0.,0.,-1.));
#3496=DIRECTION('',(-1.,0.,0.));
#3497=DIRECTION('',(0.,0.,-1.));
#3498=DIRECTION('center_axis',(1.,0.,0.));
#3499=DIRECTION('ref_axis',(0.,-1.,0.));
#3500=DIRECTION('',(0.,1.,0.));
#3501=DIRECTION('',(0.,-1.,0.));
#3502=DIRECTION('',(0.,0.,-1.));
#3503=DIRECTION('center_axis',(0.,1.,0.));
#3504=DIRECTION('ref_axis',(1.,0.,0.));
#3505=DIRECTION('',(-1.,0.,0.));
#3506=DIRECTION('',(1.,0.,0.));
#3507=DIRECTION('',(0.,0.,-1.));
#3508=DIRECTION('center_axis',(1.,0.,0.));
#3509=DIRECTION('ref_axis',(0.,-1.,0.));
#3510=DIRECTION('',(0.,1.,0.));
#3511=DIRECTION('',(0.,0.,-1.));
#3512=DIRECTION('',(0.,-1.,0.));
#3513=DIRECTION('',(0.,0.,-1.));
#3514=DIRECTION('center_axis',(0.,1.,0.));
#3515=DIRECTION('ref_axis',(1.,0.,0.));
#3516=DIRECTION('',(-1.,0.,0.));
#3517=DIRECTION('',(1.,0.,0.));
#3518=DIRECTION('',(0.,0.,-1.));
#3519=DIRECTION('center_axis',(0.,-1.,0.));
#3520=DIRECTION('ref_axis',(-1.,0.,0.));
#3521=DIRECTION('',(1.,0.,0.));
#3522=DIRECTION('',(0.,0.,-1.));
#3523=DIRECTION('',(-1.,0.,0.));
#3524=DIRECTION('center_axis',(0.,1.,0.));
#3525=DIRECTION('ref_axis',(1.,0.,0.));
#3526=DIRECTION('',(-1.,0.,0.));
#3527=DIRECTION('',(0.,0.,-1.));
#3528=DIRECTION('',(1.,0.,0.));
#3529=DIRECTION('',(0.,0.,-1.));
#3530=DIRECTION('center_axis',(-1.,0.,0.));
#3531=DIRECTION('ref_axis',(0.,1.,0.));
#3532=DIRECTION('',(0.,-1.,0.));
#3533=DIRECTION('',(0.,1.,0.));
#3534=DIRECTION('',(0.,0.,-1.));
#3535=DIRECTION('center_axis',(0.,-1.,0.));
#3536=DIRECTION('ref_axis',(-1.,0.,0.));
#3537=DIRECTION('',(1.,0.,0.));
#3538=DIRECTION('',(-1.,0.,0.));
#3539=DIRECTION('',(0.,0.,-1.));
#3540=DIRECTION('center_axis',(0.,1.,0.));
#3541=DIRECTION('ref_axis',(1.,0.,0.));
#3542=DIRECTION('',(-1.,0.,0.));
#3543=DIRECTION('',(0.,0.,-1.));
#3544=DIRECTION('',(1.,0.,0.));
#3545=DIRECTION('',(0.,0.,-1.));
#3546=DIRECTION('center_axis',(-1.,0.,0.));
#3547=DIRECTION('ref_axis',(0.,1.,0.));
#3548=DIRECTION('',(0.,-1.,0.));
#3549=DIRECTION('',(0.,1.,0.));
#3550=DIRECTION('',(0.,0.,-1.));
#3551=DIRECTION('center_axis',(0.,-1.,0.));
#3552=DIRECTION('ref_axis',(-1.,0.,0.));
#3553=DIRECTION('',(1.,0.,0.));
#3554=DIRECTION('',(-1.,0.,0.));
#3555=DIRECTION('',(0.,0.,-1.));
#3556=DIRECTION('center_axis',(1.,0.,0.));
#3557=DIRECTION('ref_axis',(0.,1.,0.));
#3558=DIRECTION('',(0.,-1.,0.));
#3559=DIRECTION('',(0.,0.,1.));
#3560=DIRECTION('',(0.,1.,0.));
#3561=DIRECTION('',(0.,0.,1.));
#3562=DIRECTION('center_axis',(1.,0.,0.));
#3563=DIRECTION('ref_axis',(0.,1.,0.));
#3564=DIRECTION('',(0.,-1.,0.));
#3565=DIRECTION('',(0.,0.,1.));
#3566=DIRECTION('',(0.,1.,0.));
#3567=DIRECTION('',(0.,0.,1.));
#3568=DIRECTION('center_axis',(1.,0.,0.));
#3569=DIRECTION('ref_axis',(0.,1.,0.));
#3570=DIRECTION('',(0.,-1.,0.));
#3571=DIRECTION('',(0.,0.,1.));
#3572=DIRECTION('',(0.,1.,0.));
#3573=DIRECTION('',(0.,0.,1.));
#3574=DIRECTION('center_axis',(0.,-1.,0.));
#3575=DIRECTION('ref_axis',(1.,0.,0.));
#3576=DIRECTION('',(-1.,0.,0.));
#3577=DIRECTION('',(1.,0.,0.));
#3578=DIRECTION('center_axis',(0.,0.,1.));
#3579=DIRECTION('ref_axis',(1.,0.,0.));
#3580=DIRECTION('',(-1.,0.,0.));
#3581=DIRECTION('',(0.,-1.,0.));
#3582=DIRECTION('',(1.,-1.61349514339383E-15,0.));
#3583=DIRECTION('',(-1.,0.,0.));
#3584=DIRECTION('center_axis',(0.,0.,1.));
#3585=DIRECTION('ref_axis',(1.,0.,0.));
#3586=DIRECTION('',(1.,0.,0.));
#3587=DIRECTION('',(0.,1.,0.));
#3588=DIRECTION('center_axis',(0.,0.,1.));
#3589=DIRECTION('ref_axis',(1.,0.,0.));
#3590=DIRECTION('',(1.,0.,0.));
#3591=DIRECTION('',(0.,1.,0.));
#3592=DIRECTION('',(-1.,0.,0.));
#3593=DIRECTION('center_axis',(1.,0.,0.));
#3594=DIRECTION('ref_axis',(0.,1.,0.));
#3595=DIRECTION('',(0.,-1.,0.));
#3596=DIRECTION('',(0.,0.,1.));
#3597=DIRECTION('',(0.,1.,0.));
#3598=DIRECTION('',(0.,0.,1.));
#3599=DIRECTION('center_axis',(1.,0.,0.));
#3600=DIRECTION('ref_axis',(0.,1.,0.));
#3601=DIRECTION('',(0.,-1.,0.));
#3602=DIRECTION('',(0.,0.,1.));
#3603=DIRECTION('',(0.,1.,0.));
#3604=DIRECTION('',(0.,0.,1.));
#3605=DIRECTION('center_axis',(0.,1.,0.));
#3606=DIRECTION('ref_axis',(-1.,0.,0.));
#3607=DIRECTION('',(1.,0.,0.));
#3608=DIRECTION('',(-1.,0.,0.));
#3609=DIRECTION('',(0.,0.,1.));
#3610=DIRECTION('center_axis',(1.,0.,0.));
#3611=DIRECTION('ref_axis',(0.,1.,0.));
#3612=DIRECTION('',(0.,-1.,0.));
#3613=DIRECTION('',(0.,1.,0.));
#3614=DIRECTION('',(0.,0.,1.));
#3615=DIRECTION('center_axis',(0.,0.,1.));
#3616=DIRECTION('ref_axis',(1.,0.,0.));
#3617=DIRECTION('',(1.,0.,0.));
#3618=DIRECTION('',(1.,0.,0.));
#3619=DIRECTION('',(-1.,-1.61349514339383E-15,0.));
#3620=DIRECTION('',(0.,-1.,0.));
#3621=DIRECTION('center_axis',(0.,0.,1.));
#3622=DIRECTION('ref_axis',(1.,0.,0.));
#3623=DIRECTION('',(1.,0.,0.));
#3624=DIRECTION('',(0.,1.,0.));
#3625=DIRECTION('',(-1.,1.14603667058081E-15,0.));
#3626=DIRECTION('center_axis',(0.,0.,1.));
#3627=DIRECTION('ref_axis',(1.,0.,0.));
#3628=DIRECTION('',(1.,-1.14603667058081E-15,0.));
#3629=DIRECTION('',(0.,-1.,0.));
#3630=DIRECTION('',(1.,1.77469374364124E-15,0.));
#3631=DIRECTION('',(0.,1.,0.));
#3632=DIRECTION('',(-1.,0.,0.));
#3633=DIRECTION('',(0.,1.,0.));
#3634=DIRECTION('',(-1.,-5.07530449914999E-15,0.));
#3635=DIRECTION('center_axis',(0.,0.,1.));
#3636=DIRECTION('ref_axis',(1.,0.,0.));
#3637=DIRECTION('',(-1.,0.,0.));
#3638=DIRECTION('',(0.,1.,0.));
#3639=DIRECTION('center_axis',(0.,1.,0.));
#3640=DIRECTION('ref_axis',(-1.,0.,0.));
#3641=DIRECTION('',(1.,0.,0.));
#3642=DIRECTION('',(0.,0.,1.));
#3643=DIRECTION('',(-1.,0.,0.));
#3644=DIRECTION('',(0.,0.,1.));
#3645=DIRECTION('center_axis',(0.,1.,0.));
#3646=DIRECTION('ref_axis',(-1.,0.,0.));
#3647=DIRECTION('',(1.,0.,0.));
#3648=DIRECTION('',(0.,0.,1.));
#3649=DIRECTION('',(-1.,0.,0.));
#3650=DIRECTION('',(0.,0.,1.));
#3651=DIRECTION('center_axis',(1.,0.,0.));
#3652=DIRECTION('ref_axis',(0.,1.,0.));
#3653=DIRECTION('',(0.,-1.,0.));
#3654=DIRECTION('',(0.,1.,0.));
#3655=DIRECTION('',(0.,0.,1.));
#3656=DIRECTION('center_axis',(0.,1.,0.));
#3657=DIRECTION('ref_axis',(-1.,0.,0.));
#3658=DIRECTION('',(1.,0.,0.));
#3659=DIRECTION('',(-1.,0.,0.));
#3660=DIRECTION('',(0.,0.,1.));
#3661=DIRECTION('center_axis',(-1.,0.,0.));
#3662=DIRECTION('ref_axis',(0.,-1.,0.));
#3663=DIRECTION('',(0.,1.,0.));
#3664=DIRECTION('',(0.,-1.,0.));
#3665=DIRECTION('center_axis',(0.,0.,1.));
#3666=DIRECTION('ref_axis',(1.,0.,0.));
#3667=DIRECTION('',(0.,-1.,0.));
#3668=DIRECTION('',(1.,0.,0.));
#3669=DIRECTION('',(0.,1.,0.));
#3670=DIRECTION('center_axis',(0.,0.,1.));
#3671=DIRECTION('ref_axis',(1.,0.,0.));
#3672=DIRECTION('',(-1.,0.,0.));
#3673=DIRECTION('center_axis',(0.,0.,1.));
#3674=DIRECTION('ref_axis',(1.,0.,0.));
#3675=DIRECTION('',(0.,1.,0.));
#3676=DIRECTION('',(-1.,0.,0.));
#3677=DIRECTION('',(0.,-1.,0.));
#3678=DIRECTION('center_axis',(0.,0.,1.));
#3679=DIRECTION('ref_axis',(1.,0.,0.));
#3680=DIRECTION('',(0.,1.,0.));
#3681=DIRECTION('',(-1.,0.,0.));
#3682=DIRECTION('',(0.,-1.,0.));
#3683=DIRECTION('center_axis',(-1.77469374364124E-15,-1.,0.));
#3684=DIRECTION('ref_axis',(1.,-1.77469374364124E-15,0.));
#3685=DIRECTION('',(-1.,1.77469374364124E-15,0.));
#3686=DIRECTION('',(0.,0.,1.));
#3687=DIRECTION('',(1.,-1.77469374364124E-15,0.));
#3688=DIRECTION('',(0.,0.,1.));
#3689=DIRECTION('center_axis',(-1.,0.,0.));
#3690=DIRECTION('ref_axis',(0.,-1.,0.));
#3691=DIRECTION('',(0.,-1.,0.));
#3692=DIRECTION('',(0.,0.,1.));
#3693=DIRECTION('center_axis',(-1.,0.,0.));
#3694=DIRECTION('ref_axis',(0.,-1.,0.));
#3695=DIRECTION('',(0.,1.,0.));
#3696=DIRECTION('',(0.,0.,1.));
#3697=DIRECTION('',(0.,-1.,0.));
#3698=DIRECTION('',(0.,0.,1.));
#3699=DIRECTION('center_axis',(0.,1.,0.));
#3700=DIRECTION('ref_axis',(-1.,0.,0.));
#3701=DIRECTION('',(1.,0.,0.));
#3702=DIRECTION('',(-1.,0.,0.));
#3703=DIRECTION('',(0.,0.,1.));
#3704=DIRECTION('center_axis',(-1.,0.,0.));
#3705=DIRECTION('ref_axis',(0.,-1.,0.));
#3706=DIRECTION('',(0.,1.,0.));
#3707=DIRECTION('',(0.,-1.,0.));
#3708=DIRECTION('center_axis',(0.,0.,1.));
#3709=DIRECTION('ref_axis',(1.,0.,0.));
#3710=DIRECTION('',(1.,0.,0.));
#3711=DIRECTION('',(0.,1.,0.));
#3712=DIRECTION('',(-1.,0.,0.));
#3713=DIRECTION('center_axis',(0.,0.,1.));
#3714=DIRECTION('ref_axis',(1.,0.,0.));
#3715=DIRECTION('',(1.,0.,0.));
#3716=DIRECTION('',(0.,-1.,0.));
#3717=DIRECTION('',(-1.,0.,0.));
#3718=DIRECTION('center_axis',(-1.77469374364124E-15,1.,0.));
#3719=DIRECTION('ref_axis',(-1.,-1.77469374364124E-15,0.));
#3720=DIRECTION('',(0.,0.,1.));
#3721=DIRECTION('',(-1.,-1.77469374364124E-15,0.));
#3722=DIRECTION('',(0.,0.,1.));
#3723=DIRECTION('center_axis',(-1.,0.,0.));
#3724=DIRECTION('ref_axis',(0.,-1.,0.));
#3725=DIRECTION('',(0.,-1.,0.));
#3726=DIRECTION('',(0.,0.,1.));
#3727=DIRECTION('center_axis',(0.,-1.,0.));
#3728=DIRECTION('ref_axis',(1.,0.,0.));
#3729=DIRECTION('',(1.,0.,0.));
#3730=DIRECTION('',(0.,0.,1.));
#3731=DIRECTION('center_axis',(-1.,0.,0.));
#3732=DIRECTION('ref_axis',(0.,-1.,0.));
#3733=DIRECTION('',(0.,-1.,0.));
#3734=DIRECTION('',(0.,0.,1.));
#3735=DIRECTION('center_axis',(-1.,0.,0.));
#3736=DIRECTION('ref_axis',(0.,-1.,0.));
#3737=DIRECTION('',(0.,0.,1.));
#3738=DIRECTION('',(0.,-1.,0.));
#3739=DIRECTION('center_axis',(0.,0.,1.));
#3740=DIRECTION('ref_axis',(1.,0.,0.));
#3741=DIRECTION('',(1.,0.,0.));
#3742=DIRECTION('',(0.,1.,0.));
#3743=DIRECTION('',(-1.,0.,0.));
#3744=DIRECTION('center_axis',(-1.,0.,0.));
#3745=DIRECTION('ref_axis',(0.,-1.,0.));
#3746=DIRECTION('',(0.,1.,0.));
#3747=DIRECTION('',(0.,0.,1.));
#3748=DIRECTION('',(0.,-1.,0.));
#3749=DIRECTION('',(0.,0.,1.));
#3750=DIRECTION('center_axis',(0.,-1.,0.));
#3751=DIRECTION('ref_axis',(1.,0.,0.));
#3752=DIRECTION('',(-1.,0.,0.));
#3753=DIRECTION('',(1.,0.,0.));
#3754=DIRECTION('',(0.,0.,1.));
#3755=DIRECTION('center_axis',(1.,0.,0.));
#3756=DIRECTION('ref_axis',(0.,1.,0.));
#3757=DIRECTION('',(0.,-1.,0.));
#3758=DIRECTION('',(0.,1.,0.));
#3759=DIRECTION('',(0.,0.,1.));
#3760=DIRECTION('center_axis',(0.,-1.,0.));
#3761=DIRECTION('ref_axis',(1.,0.,0.));
#3762=DIRECTION('',(1.,0.,0.));
#3763=DIRECTION('',(0.,0.,1.));
#3764=DIRECTION('center_axis',(0.,-1.,0.));
#3765=DIRECTION('ref_axis',(1.,0.,0.));
#3766=DIRECTION('',(0.,0.,1.));
#3767=DIRECTION('',(1.,0.,0.));
#3768=DIRECTION('center_axis',(0.,0.,1.));
#3769=DIRECTION('ref_axis',(1.,0.,0.));
#3770=DIRECTION('',(0.,1.,0.));
#3771=DIRECTION('',(-1.,0.,0.));
#3772=DIRECTION('',(0.,-1.,0.));
#3773=DIRECTION('center_axis',(0.,0.,1.));
#3774=DIRECTION('ref_axis',(1.,0.,0.));
#3775=DIRECTION('',(1.,0.,0.));
#3776=DIRECTION('center_axis',(-1.,0.,0.));
#3777=DIRECTION('ref_axis',(0.,-1.,0.));
#3778=DIRECTION('',(0.,1.,0.));
#3779=DIRECTION('',(0.,0.,1.));
#3780=DIRECTION('',(0.,0.,1.));
#3781=DIRECTION('center_axis',(-1.14603667058081E-15,-1.,0.));
#3782=DIRECTION('ref_axis',(1.,-1.14603667058081E-15,0.));
#3783=DIRECTION('',(-1.,1.14603667058081E-15,0.));
#3784=DIRECTION('',(0.,0.,1.));
#3785=DIRECTION('center_axis',(1.,0.,0.));
#3786=DIRECTION('ref_axis',(0.,1.,0.));
#3787=DIRECTION('',(0.,-1.,0.));
#3788=DIRECTION('',(0.,0.,1.));
#3789=DIRECTION('center_axis',(1.14603667058081E-15,1.,0.));
#3790=DIRECTION('ref_axis',(-1.,1.14603667058081E-15,0.));
#3791=DIRECTION('',(1.,-1.14603667058081E-15,0.));
#3792=DIRECTION('center_axis',(1.,0.,0.));
#3793=DIRECTION('ref_axis',(0.,1.,0.));
#3794=DIRECTION('',(0.,-1.,0.));
#3795=DIRECTION('',(0.,0.,1.));
#3796=DIRECTION('',(0.,0.,1.));
#3797=DIRECTION('center_axis',(-1.,0.,0.));
#3798=DIRECTION('ref_axis',(0.,-1.,0.));
#3799=DIRECTION('',(0.,1.,0.));
#3800=DIRECTION('',(0.,0.,1.));
#3801=DIRECTION('',(0.,0.,1.));
#3802=DIRECTION('center_axis',(-5.07530449914999E-15,1.,0.));
#3803=DIRECTION('ref_axis',(-1.,-5.07530449914999E-15,0.));
#3804=DIRECTION('',(1.,5.07530449914999E-15,0.));
#3805=DIRECTION('center_axis',(0.,0.,1.));
#3806=DIRECTION('ref_axis',(1.,0.,0.));
#3807=DIRECTION('',(1.,-2.22044604925031E-16,0.));
#3808=DIRECTION('center_axis',(0.,0.,1.));
#3809=DIRECTION('ref_axis',(0.,-1.,0.));
#3810=DIRECTION('',(-8.88178419700125E-16,1.,0.));
#3811=DIRECTION('',(-1.,0.,0.));
#3812=DIRECTION('',(0.,1.,0.));
#3813=DIRECTION('',(1.,0.,0.));
#3814=DIRECTION('',(-8.88178419700125E-16,1.,0.));
#3815=DIRECTION('center_axis',(0.,0.,1.));
#3816=DIRECTION('ref_axis',(1.,-8.88178419700125E-16,0.));
#3817=DIRECTION('',(-1.,-2.22044604925031E-16,0.));
#3818=DIRECTION('',(0.,-1.,0.));
#3819=DIRECTION('',(-1.,0.,0.));
#3820=DIRECTION('',(0.,1.,0.));
#3821=DIRECTION('',(-1.,-2.22044604925031E-16,0.));
#3822=DIRECTION('',(1.77635683940025E-16,-1.,0.));
#3823=DIRECTION('',(1.,-2.22044604925031E-16,0.));
#3824=DIRECTION('center_axis',(0.,0.,-1.));
#3825=DIRECTION('ref_axis',(-1.,0.,0.));
#3826=DIRECTION('center_axis',(0.,0.,-1.));
#3827=DIRECTION('ref_axis',(-1.,0.,0.));
#3828=DIRECTION('center_axis',(0.,0.,-1.));
#3829=DIRECTION('ref_axis',(-1.,0.,0.));
#3830=DIRECTION('center_axis',(0.,0.,-1.));
#3831=DIRECTION('ref_axis',(-1.,0.,0.));
#3832=DIRECTION('',(1.,0.,0.));
#3833=DIRECTION('',(0.,-1.,0.));
#3834=DIRECTION('',(-1.,-1.8897413185109E-15,0.));
#3835=DIRECTION('',(0.,-1.,0.));
#3836=DIRECTION('',(-1.,-2.92163953848725E-16,0.));
#3837=DIRECTION('',(0.,1.,0.));
#3838=DIRECTION('',(-1.,0.,0.));
#3839=DIRECTION('',(-1.12427648063307E-16,1.,0.));
#3840=DIRECTION('',(1.,0.,0.));
#3841=DIRECTION('',(0.,1.,0.));
#3842=DIRECTION('',(1.,0.,0.));
#3843=DIRECTION('',(0.,-1.,0.));
#3844=DIRECTION('center_axis',(1.,0.,0.));
#3845=DIRECTION('ref_axis',(0.,1.,0.));
#3846=DIRECTION('',(0.,-1.,0.));
#3847=DIRECTION('',(0.,0.,1.));
#3848=DIRECTION('',(0.,0.,1.));
#3849=DIRECTION('center_axis',(0.,1.,0.));
#3850=DIRECTION('ref_axis',(-1.,0.,0.));
#3851=DIRECTION('',(1.,0.,0.));
#3852=DIRECTION('',(0.,0.,1.));
#3853=DIRECTION('center_axis',(-1.,0.,0.));
#3854=DIRECTION('ref_axis',(0.,-1.,0.));
#3855=DIRECTION('',(0.,1.,0.));
#3856=DIRECTION('',(0.,0.,1.));
#3857=DIRECTION('center_axis',(0.,-1.,0.));
#3858=DIRECTION('ref_axis',(1.,0.,0.));
#3859=DIRECTION('',(-1.,0.,0.));
#3860=DIRECTION('center_axis',(0.,-1.,0.));
#3861=DIRECTION('ref_axis',(1.,0.,0.));
#3862=DIRECTION('',(0.,0.,1.));
#3863=DIRECTION('',(0.,0.,1.));
#3864=DIRECTION('center_axis',(-1.,0.,0.));
#3865=DIRECTION('ref_axis',(0.,-1.,0.));
#3866=DIRECTION('',(0.,0.,1.));
#3867=DIRECTION('center_axis',(0.,1.,0.));
#3868=DIRECTION('ref_axis',(-1.,0.,0.));
#3869=DIRECTION('',(0.,0.,1.));
#3870=DIRECTION('center_axis',(0.,0.,1.));
#3871=DIRECTION('ref_axis',(1.,0.,0.));
#3872=DIRECTION('center_axis',(0.,-1.,0.));
#3873=DIRECTION('ref_axis',(1.,0.,0.));
#3874=DIRECTION('',(-1.,0.,0.));
#3875=DIRECTION('',(0.,0.,1.));
#3876=DIRECTION('',(0.,0.,1.));
#3877=DIRECTION('center_axis',(1.,0.,0.));
#3878=DIRECTION('ref_axis',(0.,1.,0.));
#3879=DIRECTION('',(0.,-1.,0.));
#3880=DIRECTION('',(0.,0.,1.));
#3881=DIRECTION('center_axis',(0.,1.,0.));
#3882=DIRECTION('ref_axis',(-1.,0.,0.));
#3883=DIRECTION('',(1.,0.,0.));
#3884=DIRECTION('',(0.,0.,1.));
#3885=DIRECTION('center_axis',(-1.,0.,0.));
#3886=DIRECTION('ref_axis',(0.,-1.,0.));
#3887=DIRECTION('',(0.,1.,0.));
#3888=DIRECTION('center_axis',(-1.,0.,0.));
#3889=DIRECTION('ref_axis',(0.,-1.,0.));
#3890=DIRECTION('',(0.,0.,1.));
#3891=DIRECTION('',(0.,0.,1.));
#3892=DIRECTION('center_axis',(1.,0.,0.));
#3893=DIRECTION('ref_axis',(0.,1.,0.));
#3894=DIRECTION('',(0.,0.,1.));
#3895=DIRECTION('',(0.,0.,1.));
#3896=DIRECTION('center_axis',(0.,-1.,0.));
#3897=DIRECTION('ref_axis',(1.,0.,0.));
#3898=DIRECTION('center_axis',(0.,0.,1.));
#3899=DIRECTION('ref_axis',(1.,0.,0.));
#3900=DIRECTION('center_axis',(0.,0.,-1.));
#3901=DIRECTION('ref_axis',(0.,1.,0.));
#3902=DIRECTION('',(0.,-1.,0.));
#3903=DIRECTION('',(1.,0.,0.));
#3904=DIRECTION('',(-1.77635683940025E-16,1.,0.));
#3905=DIRECTION('',(1.,0.,0.));
#3906=DIRECTION('center_axis',(0.,-1.,0.));
#3907=DIRECTION('ref_axis',(0.,0.,-1.));
#3908=DIRECTION('',(0.,0.,1.));
#3909=DIRECTION('',(0.,0.,-1.));
#3910=DIRECTION('',(1.,0.,0.));
#3911=DIRECTION('center_axis',(0.,1.,0.));
#3912=DIRECTION('ref_axis',(0.,0.,1.));
#3913=DIRECTION('',(0.,0.,-1.));
#3914=DIRECTION('',(1.,0.,0.));
#3915=DIRECTION('',(0.,0.,1.));
#3916=DIRECTION('center_axis',(-1.,0.,0.));
#3917=DIRECTION('ref_axis',(0.,-1.,0.));
#3918=DIRECTION('',(0.,-1.,0.));
#3919=DIRECTION('',(0.,-1.,0.));
#3920=DIRECTION('',(0.,0.,1.));
#3921=DIRECTION('',(0.,-1.,0.));
#3922=DIRECTION('center_axis',(0.,0.,1.));
#3923=DIRECTION('ref_axis',(1.,0.,0.));
#3924=DIRECTION('',(0.,1.,0.));
#3925=DIRECTION('',(-1.,5.55111512312578E-16,0.));
#3926=DIRECTION('',(0.,-1.,0.));
#3927=DIRECTION('',(1.,0.,0.));
#3928=DIRECTION('center_axis',(0.,0.,1.));
#3929=DIRECTION('ref_axis',(1.,0.,0.));
#3930=DIRECTION('',(0.,1.,0.));
#3931=DIRECTION('',(-1.,-9.95404837128794E-16,0.));
#3932=DIRECTION('',(0.,-1.,0.));
#3933=DIRECTION('',(1.,4.97702418564397E-16,0.));
#3934=DIRECTION('center_axis',(0.,0.,1.));
#3935=DIRECTION('ref_axis',(1.,0.,0.));
#3936=DIRECTION('',(-1.,0.,0.));
#3937=DIRECTION('',(0.,-1.,0.));
#3938=DIRECTION('',(1.,5.55111512312578E-16,0.));
#3939=DIRECTION('',(0.,1.,0.));
#3940=DIRECTION('center_axis',(0.,0.,1.));
#3941=DIRECTION('ref_axis',(1.,0.,0.));
#3942=DIRECTION('',(-1.,9.95404837128794E-16,0.));
#3943=DIRECTION('',(0.,-1.,0.));
#3944=DIRECTION('',(1.,0.,0.));
#3945=DIRECTION('',(0.,1.,0.));
#3946=DIRECTION('center_axis',(0.,0.,1.));
#3947=DIRECTION('ref_axis',(1.,0.,0.));
#3948=DIRECTION('',(0.,-1.,0.));
#3949=DIRECTION('',(1.,0.,0.));
#3950=DIRECTION('',(0.,1.,0.));
#3951=DIRECTION('',(-1.,0.,0.));
#3952=DIRECTION('center_axis',(4.97702418564397E-16,-1.,0.));
#3953=DIRECTION('ref_axis',(1.,4.97702418564397E-16,0.));
#3954=DIRECTION('',(-1.,-4.97702418564397E-16,0.));
#3955=DIRECTION('',(0.,0.,1.));
#3956=DIRECTION('',(0.,0.,1.));
#3957=DIRECTION('center_axis',(-1.,0.,0.));
#3958=DIRECTION('ref_axis',(0.,-1.,0.));
#3959=DIRECTION('',(0.,1.,0.));
#3960=DIRECTION('',(0.,0.,1.));
#3961=DIRECTION('center_axis',(-9.95404837128794E-16,1.,0.));
#3962=DIRECTION('ref_axis',(-1.,-9.95404837128794E-16,0.));
#3963=DIRECTION('',(1.,9.95404837128794E-16,0.));
#3964=DIRECTION('',(0.,0.,1.));
#3965=DIRECTION('center_axis',(1.,0.,0.));
#3966=DIRECTION('ref_axis',(0.,1.,0.));
#3967=DIRECTION('',(0.,-1.,0.));
#3968=DIRECTION('',(0.,-1.,0.));
#3969=DIRECTION('',(0.,-1.,0.));
#3970=DIRECTION('center_axis',(1.,0.,0.));
#3971=DIRECTION('ref_axis',(0.,1.,0.));
#3972=DIRECTION('',(0.,-1.,0.));
#3973=DIRECTION('',(0.,0.,1.));
#3974=DIRECTION('',(0.,0.,1.));
#3975=DIRECTION('',(0.,-1.,0.));
#3976=DIRECTION('',(0.,-1.,0.));
#3977=DIRECTION('center_axis',(0.,-1.,0.));
#3978=DIRECTION('ref_axis',(1.,0.,0.));
#3979=DIRECTION('',(-1.,0.,0.));
#3980=DIRECTION('',(0.,0.,1.));
#3981=DIRECTION('center_axis',(-1.,0.,0.));
#3982=DIRECTION('ref_axis',(0.,-1.,0.));
#3983=DIRECTION('',(0.,1.,0.));
#3984=DIRECTION('',(0.,0.,1.));
#3985=DIRECTION('center_axis',(9.95404837128794E-16,1.,0.));
#3986=DIRECTION('ref_axis',(-1.,9.95404837128794E-16,0.));
#3987=DIRECTION('',(1.,-9.95404837128794E-16,0.));
#3988=DIRECTION('center_axis',(1.,0.,0.));
#3989=DIRECTION('ref_axis',(0.,1.,0.));
#3990=DIRECTION('',(0.,-1.,0.));
#3991=DIRECTION('',(0.,0.,1.));
#3992=DIRECTION('',(0.,0.,1.));
#3993=DIRECTION('center_axis',(5.55111512312578E-16,-1.,0.));
#3994=DIRECTION('ref_axis',(1.,5.55111512312578E-16,0.));
#3995=DIRECTION('',(-1.,-5.55111512312578E-16,0.));
#3996=DIRECTION('',(0.,0.,1.));
#3997=DIRECTION('center_axis',(-1.,0.,0.));
#3998=DIRECTION('ref_axis',(0.,-1.,0.));
#3999=DIRECTION('',(0.,1.,0.));
#4000=DIRECTION('',(0.,0.,1.));
#4001=DIRECTION('',(0.,1.,0.));
#4002=DIRECTION('',(0.,1.,0.));
#4003=DIRECTION('center_axis',(0.,1.,0.));
#4004=DIRECTION('ref_axis',(-1.,0.,0.));
#4005=DIRECTION('',(1.,0.,0.));
#4006=DIRECTION('center_axis',(0.,-1.,0.));
#4007=DIRECTION('ref_axis',(1.,0.,0.));
#4008=DIRECTION('',(-1.,0.,0.));
#4009=DIRECTION('',(0.,0.,1.));
#4010=DIRECTION('',(0.,0.,1.));
#4011=DIRECTION('center_axis',(-1.,0.,0.));
#4012=DIRECTION('ref_axis',(0.,-1.,0.));
#4013=DIRECTION('',(0.,1.,0.));
#4014=DIRECTION('',(0.,0.,1.));
#4015=DIRECTION('',(0.,1.,0.));
#4016=DIRECTION('',(0.,1.,0.));
#4017=DIRECTION('center_axis',(5.55111512312578E-16,1.,0.));
#4018=DIRECTION('ref_axis',(-1.,5.55111512312578E-16,0.));
#4019=DIRECTION('',(1.,-5.55111512312578E-16,0.));
#4020=DIRECTION('',(0.,0.,1.));
#4021=DIRECTION('center_axis',(1.,0.,0.));
#4022=DIRECTION('ref_axis',(0.,1.,0.));
#4023=DIRECTION('',(0.,-1.,0.));
#4024=DIRECTION('center_axis',(0.,1.,0.));
#4025=DIRECTION('ref_axis',(-1.,0.,0.));
#4026=DIRECTION('',(1.,0.,0.));
#4027=DIRECTION('',(0.,0.,1.));
#4028=DIRECTION('',(0.,0.,1.));
#4029=DIRECTION('center_axis',(1.,0.,0.));
#4030=DIRECTION('ref_axis',(0.,1.,0.));
#4031=DIRECTION('',(0.,-1.,0.));
#4032=DIRECTION('',(0.,0.,1.));
#4033=DIRECTION('center_axis',(0.,-1.,0.));
#4034=DIRECTION('ref_axis',(1.,0.,0.));
#4035=DIRECTION('',(-1.,0.,0.));
#4036=DIRECTION('',(0.,0.,1.));
#4037=DIRECTION('center_axis',(-1.,0.,0.));
#4038=DIRECTION('ref_axis',(0.,-1.,0.));
#4039=DIRECTION('',(0.,1.,0.));
#4040=DIRECTION('center_axis',(1.,0.,0.));
#4041=DIRECTION('ref_axis',(0.,0.,1.));
#4042=DIRECTION('',(0.,0.,-1.));
#4043=DIRECTION('',(0.,-1.,0.));
#4044=DIRECTION('',(0.,0.,1.));
#4045=DIRECTION('',(0.,-1.,0.));
#4046=DIRECTION('center_axis',(1.,0.,0.));
#4047=DIRECTION('ref_axis',(0.,0.,1.));
#4048=DIRECTION('',(0.,-1.,0.));
#4049=DIRECTION('',(0.,0.,-1.));
#4050=DIRECTION('',(0.,-1.,0.));
#4051=DIRECTION('center_axis',(0.,0.,-1.));
#4052=DIRECTION('ref_axis',(1.,0.,0.));
#4053=DIRECTION('',(-1.,-3.5527136788005E-16,0.));
#4054=DIRECTION('',(1.,2.22044604925031E-16,0.));
#4055=DIRECTION('',(0.,-1.,0.));
#4056=DIRECTION('center_axis',(-1.,0.,0.));
#4057=DIRECTION('ref_axis',(0.,0.,-1.));
#4058=DIRECTION('',(0.,0.,1.));
#4059=DIRECTION('',(0.,0.,-1.));
#4060=DIRECTION('',(0.,-1.,0.));
#4061=DIRECTION('center_axis',(-1.,0.,0.));
#4062=DIRECTION('ref_axis',(0.,0.,-1.));
#4063=DIRECTION('',(0.,-1.,0.));
#4064=DIRECTION('',(0.,0.,1.));
#4065=DIRECTION('',(0.,-1.,0.));
#4066=DIRECTION('center_axis',(0.,0.,-1.));
#4067=DIRECTION('ref_axis',(1.,0.,0.));
#4068=DIRECTION('',(-1.,2.22044604925031E-16,0.));
#4069=DIRECTION('center_axis',(0.,0.,1.));
#4070=DIRECTION('ref_axis',(1.,0.,0.));
#4071=DIRECTION('',(-1.,-3.5527136788005E-16,0.));
#4072=DIRECTION('',(-1.,-2.22044604925031E-16,0.));
#4073=DIRECTION('',(-1.,-3.5527136788005E-16,0.));
#4074=DIRECTION('',(-1.36642833800019E-16,1.,0.));
#4075=DIRECTION('',(1.,-2.22044604925031E-16,0.));
#4076=DIRECTION('',(1.77635683940025E-16,-1.,0.));
#4077=DIRECTION('center_axis',(-3.5527136788005E-16,1.,0.));
#4078=DIRECTION('ref_axis',(-1.,-3.5527136788005E-16,0.));
#4079=DIRECTION('',(-1.,-3.5527136788005E-16,0.));
#4080=DIRECTION('',(0.,0.,1.));
#4081=DIRECTION('',(-1.,-3.5527136788005E-16,0.));
#4082=DIRECTION('center_axis',(1.,1.36642833800019E-16,0.));
#4083=DIRECTION('ref_axis',(-1.36642833800019E-16,1.,0.));
#4084=DIRECTION('',(-1.36642833800019E-16,1.,0.));
#4085=DIRECTION('center_axis',(0.,1.,0.));
#4086=DIRECTION('ref_axis',(1.,0.,0.));
#4087=DIRECTION('',(0.,0.,-1.));
#4088=DIRECTION('',(1.,0.,0.));
#4089=DIRECTION('',(0.,0.,-1.));
#4090=DIRECTION('center_axis',(1.,0.,0.));
#4091=DIRECTION('ref_axis',(0.,-1.,0.));
#4092=DIRECTION('',(0.,0.,-1.));
#4093=DIRECTION('',(0.,-1.,0.));
#4094=DIRECTION('center_axis',(0.,1.,0.));
#4095=DIRECTION('ref_axis',(1.,0.,0.));
#4096=DIRECTION('',(0.,0.,-1.));
#4097=DIRECTION('',(1.,0.,0.));
#4098=DIRECTION('center_axis',(-1.,0.,0.));
#4099=DIRECTION('ref_axis',(0.,1.,0.));
#4100=DIRECTION('',(0.,0.,-1.));
#4101=DIRECTION('',(0.,1.,0.));
#4102=DIRECTION('center_axis',(0.,1.,0.));
#4103=DIRECTION('ref_axis',(1.,0.,0.));
#4104=DIRECTION('',(0.,0.,-1.));
#4105=DIRECTION('',(1.,0.,0.));
#4106=DIRECTION('center_axis',(-1.,-1.12427648063307E-16,0.));
#4107=DIRECTION('ref_axis',(-1.12427648063307E-16,1.,0.));
#4108=DIRECTION('',(0.,0.,-1.));
#4109=DIRECTION('',(-1.12427648063307E-16,1.,0.));
#4110=DIRECTION('center_axis',(0.,-1.,0.));
#4111=DIRECTION('ref_axis',(-1.,0.,0.));
#4112=DIRECTION('',(0.,0.,-1.));
#4113=DIRECTION('',(-1.,0.,0.));
#4114=DIRECTION('center_axis',(-1.,0.,0.));
#4115=DIRECTION('ref_axis',(0.,1.,0.));
#4116=DIRECTION('',(0.,0.,-1.));
#4117=DIRECTION('',(0.,1.,0.));
#4118=DIRECTION('center_axis',(2.92163953848725E-16,-1.,0.));
#4119=DIRECTION('ref_axis',(-1.,-2.92163953848725E-16,0.));
#4120=DIRECTION('',(0.,0.,-1.));
#4121=DIRECTION('',(-1.,-2.92163953848725E-16,0.));
#4122=DIRECTION('center_axis',(1.,0.,0.));
#4123=DIRECTION('ref_axis',(0.,-1.,0.));
#4124=DIRECTION('',(0.,0.,-1.));
#4125=DIRECTION('',(0.,-1.,0.));
#4126=DIRECTION('center_axis',(1.8897413185109E-15,-1.,0.));
#4127=DIRECTION('ref_axis',(-1.,-1.8897413185109E-15,0.));
#4128=DIRECTION('',(0.,0.,-1.));
#4129=DIRECTION('',(-1.,-1.8897413185109E-15,0.));
#4130=DIRECTION('center_axis',(1.,0.,0.));
#4131=DIRECTION('ref_axis',(0.,-1.,0.));
#4132=DIRECTION('',(0.,-1.,0.));
#4133=DIRECTION('center_axis',(0.,0.,-1.));
#4134=DIRECTION('ref_axis',(-1.,0.,0.));
#4135=DIRECTION('center_axis',(0.,0.,1.));
#4136=DIRECTION('ref_axis',(-1.,0.,0.));
#4137=DIRECTION('center_axis',(0.,0.,1.));
#4138=DIRECTION('ref_axis',(-1.,0.,0.));
#4139=DIRECTION('',(0.,0.,-1.));
#4140=DIRECTION('center_axis',(0.,0.,1.));
#4141=DIRECTION('ref_axis',(-1.,0.,0.));
#4142=DIRECTION('center_axis',(0.,0.,1.));
#4143=DIRECTION('ref_axis',(-1.,0.,0.));
#4144=DIRECTION('center_axis',(0.,0.,1.));
#4145=DIRECTION('ref_axis',(-1.,0.,0.));
#4146=DIRECTION('',(0.,0.,-1.));
#4147=DIRECTION('center_axis',(0.,0.,1.));
#4148=DIRECTION('ref_axis',(-1.,0.,0.));
#4149=DIRECTION('center_axis',(0.,0.,1.));
#4150=DIRECTION('ref_axis',(-1.,0.,0.));
#4151=DIRECTION('center_axis',(0.,0.,1.));
#4152=DIRECTION('ref_axis',(-1.,0.,0.));
#4153=DIRECTION('',(0.,0.,-1.));
#4154=DIRECTION('center_axis',(0.,0.,1.));
#4155=DIRECTION('ref_axis',(-1.,0.,0.));
#4156=DIRECTION('center_axis',(0.,0.,1.));
#4157=DIRECTION('ref_axis',(-1.,0.,0.));
#4158=DIRECTION('center_axis',(0.,0.,1.));
#4159=DIRECTION('ref_axis',(-1.,0.,0.));
#4160=DIRECTION('',(0.,0.,-1.));
#4161=DIRECTION('center_axis',(0.,0.,1.));
#4162=DIRECTION('ref_axis',(-1.,0.,0.));
#4163=DIRECTION('center_axis',(0.,0.,1.));
#4164=DIRECTION('ref_axis',(1.,0.,0.));
#4165=DIRECTION('center_axis',(-1.77635683940025E-16,0.,1.));
#4166=DIRECTION('ref_axis',(1.,0.,0.));
#4167=DIRECTION('',(0.,0.,1.));
#4168=DIRECTION('center_axis',(-1.77635683940025E-16,0.,1.));
#4169=DIRECTION('ref_axis',(1.,0.,1.77635683940025E-16));
#4170=DIRECTION('center_axis',(1.77635683940025E-16,0.,-1.));
#4171=DIRECTION('ref_axis',(1.,0.,1.77635683940025E-16));
#4172=DIRECTION('center_axis',(0.,0.,1.));
#4173=DIRECTION('ref_axis',(1.,0.,0.));
#4174=DIRECTION('center_axis',(-1.77635683940025E-16,0.,1.));
#4175=DIRECTION('ref_axis',(1.,0.,0.));
#4176=DIRECTION('',(0.,0.,1.));
#4177=DIRECTION('center_axis',(-1.77635683940025E-16,0.,1.));
#4178=DIRECTION('ref_axis',(1.,0.,1.77635683940025E-16));
#4179=DIRECTION('center_axis',(1.77635683940025E-16,0.,-1.));
#4180=DIRECTION('ref_axis',(1.,0.,1.77635683940025E-16));
#4181=DIRECTION('center_axis',(-2.22044604925031E-16,1.,0.));
#4182=DIRECTION('ref_axis',(-1.,-2.22044604925031E-16,0.));
#4183=DIRECTION('',(-1.,-2.22044604925031E-16,-1.77635683940025E-16));
#4184=DIRECTION('',(0.,0.,-1.));
#4185=DIRECTION('',(1.,2.22044604925031E-16,0.));
#4186=DIRECTION('',(0.,0.,1.));
#4187=DIRECTION('',(0.,0.,1.));
#4188=DIRECTION('center_axis',(-2.22044604925031E-16,-1.,0.));
#4189=DIRECTION('ref_axis',(1.,-2.22044604925031E-16,0.));
#4190=DIRECTION('',(0.,0.,1.));
#4191=DIRECTION('',(1.,-2.22044604925031E-16,1.77635683940025E-16));
#4192=DIRECTION('',(0.,0.,1.));
#4193=DIRECTION('',(0.,0.,1.));
#4194=DIRECTION('',(1.,-2.22044604925031E-16,0.));
#4195=DIRECTION('center_axis',(1.77635683940025E-16,0.,-1.));
#4196=DIRECTION('ref_axis',(1.,0.,1.77635683940025E-16));
#4197=DIRECTION('',(-8.88178419700125E-16,1.,-1.57772181044202E-31));
#4198=DIRECTION('center_axis',(-1.77635683940025E-16,0.,1.));
#4199=DIRECTION('ref_axis',(0.,-1.,0.));
#4200=DIRECTION('',(0.,-1.,0.));
#4201=DIRECTION('center_axis',(-1.77635683940025E-16,0.,1.));
#4202=DIRECTION('ref_axis',(1.,-8.88178419700125E-16,0.));
#4203=DIRECTION('center_axis',(-1.,0.,0.));
#4204=DIRECTION('ref_axis',(0.,0.,1.));
#4205=DIRECTION('',(0.,-1.,0.));
#4206=DIRECTION('center_axis',(0.,0.,1.));
#4207=DIRECTION('ref_axis',(0.,-1.,0.));
#4208=DIRECTION('',(0.,0.,1.));
#4209=DIRECTION('center_axis',(1.,8.88178419700125E-16,0.));
#4210=DIRECTION('ref_axis',(-8.88178419700125E-16,1.,0.));
#4211=DIRECTION('',(0.,0.,1.));
#4212=DIRECTION('center_axis',(0.,0.,1.));
#4213=DIRECTION('ref_axis',(1.,-8.88178419700125E-16,0.));
#4214=DIRECTION('center_axis',(-1.,-1.77635683940025E-16,0.));
#4215=DIRECTION('ref_axis',(1.77635683940025E-16,-1.,0.));
#4216=DIRECTION('',(0.,0.,1.));
#4217=DIRECTION('',(0.,1.,0.));
#4218=DIRECTION('',(0.,0.,1.));
#4219=DIRECTION('',(1.77635683940025E-16,-1.,0.));
#4220=DIRECTION('',(1.77635683940025E-16,-1.,0.));
#4221=DIRECTION('center_axis',(0.,0.,1.));
#4222=DIRECTION('ref_axis',(1.,0.,0.));
#4223=DIRECTION('center_axis',(0.,1.,0.));
#4224=DIRECTION('ref_axis',(-1.,0.,0.));
#4225=DIRECTION('',(1.,0.,0.));
#4226=DIRECTION('',(0.,0.,1.));
#4227=DIRECTION('',(-1.,0.,0.));
#4228=DIRECTION('center_axis',(0.,-1.,0.));
#4229=DIRECTION('ref_axis',(1.,0.,0.));
#4230=DIRECTION('',(-1.,0.,0.));
#4231=DIRECTION('',(1.,0.,0.));
#4232=DIRECTION('',(0.,0.,1.));
#4233=DIRECTION('center_axis',(-1.,0.,0.));
#4234=DIRECTION('ref_axis',(0.,-1.,0.));
#4235=DIRECTION('',(0.,1.,0.));
#4236=DIRECTION('',(0.,-1.,0.));
#4237=DIRECTION('center_axis',(0.,0.,1.));
#4238=DIRECTION('ref_axis',(1.,0.,0.));
#4239=DIRECTION('center_axis',(0.,0.,1.));
#4240=DIRECTION('ref_axis',(1.,0.,0.));
#4241=CARTESIAN_POINT('',(0.,0.,0.));
#4242=CARTESIAN_POINT('Origin',(70.,-40.,0.));
#4243=CARTESIAN_POINT('',(70.,-40.,0.));
#4244=CARTESIAN_POINT('',(70.,-32.5,0.));
#4245=CARTESIAN_POINT('',(70.,-20.,0.));
#4246=CARTESIAN_POINT('',(70.,-40.,2.));
#4247=CARTESIAN_POINT('',(70.,-40.,0.));
#4248=CARTESIAN_POINT('',(70.,-32.5,2.));
#4249=CARTESIAN_POINT('',(70.,40.,2.));
#4250=CARTESIAN_POINT('',(70.,-32.5,0.));
#4251=CARTESIAN_POINT('Origin',(60.,-40.,0.));
#4252=CARTESIAN_POINT('',(60.,-40.,0.));
#4253=CARTESIAN_POINT('',(38.625,-40.,0.));
#4254=CARTESIAN_POINT('',(60.,-40.,2.));
#4255=CARTESIAN_POINT('',(60.,-40.,0.));
#4256=CARTESIAN_POINT('',(70.,-40.,2.));
#4257=CARTESIAN_POINT('Origin',(60.,-32.5,0.));
#4258=CARTESIAN_POINT('',(60.,-32.5,0.));
#4259=CARTESIAN_POINT('',(60.,-16.25,0.));
#4260=CARTESIAN_POINT('',(60.,-32.5,2.));
#4261=CARTESIAN_POINT('',(60.,-32.5,0.));
#4262=CARTESIAN_POINT('',(60.,-40.,2.));
#4263=CARTESIAN_POINT('Origin',(65.,-36.25,2.));
#4264=CARTESIAN_POINT('',(58.75,-32.5,2.));
#4265=CARTESIAN_POINT('Origin',(60.,40.,0.));
#4266=CARTESIAN_POINT('',(60.,40.,0.));
#4267=CARTESIAN_POINT('',(60.,32.5,0.));
#4268=CARTESIAN_POINT('',(60.,20.,0.));
#4269=CARTESIAN_POINT('',(60.,40.,2.));
#4270=CARTESIAN_POINT('',(60.,40.,0.));
#4271=CARTESIAN_POINT('',(60.,32.5,2.));
#4272=CARTESIAN_POINT('',(60.,-40.,2.));
#4273=CARTESIAN_POINT('',(60.,32.5,0.));
#4274=CARTESIAN_POINT('Origin',(70.,40.,0.));
#4275=CARTESIAN_POINT('',(70.,40.,0.));
#4276=CARTESIAN_POINT('',(43.625,40.,0.));
#4277=CARTESIAN_POINT('',(70.,40.,2.));
#4278=CARTESIAN_POINT('',(70.,40.,0.));
#4279=CARTESIAN_POINT('',(60.,40.,2.));
#4280=CARTESIAN_POINT('Origin',(70.,32.5,0.));
#4281=CARTESIAN_POINT('',(70.,32.5,0.));
#4282=CARTESIAN_POINT('',(70.,16.25,0.));
#4283=CARTESIAN_POINT('',(70.,32.5,2.));
#4284=CARTESIAN_POINT('',(70.,32.5,0.));
#4285=CARTESIAN_POINT('',(70.,40.,2.));
#4286=CARTESIAN_POINT('Origin',(65.,36.25,2.));
#4287=CARTESIAN_POINT('',(71.25,32.5,2.));
#4288=CARTESIAN_POINT('Origin',(52.5,-32.5,0.));
#4289=CARTESIAN_POINT('',(52.5,-32.5,0.));
#4290=CARTESIAN_POINT('',(34.875,-32.5,0.));
#4291=CARTESIAN_POINT('',(52.5,-32.5,18.));
#4292=CARTESIAN_POINT('',(52.5,-32.5,0.));
#4293=CARTESIAN_POINT('',(58.5,-32.5,18.));
#4294=CARTESIAN_POINT('',(52.5,-32.5,18.));
#4295=CARTESIAN_POINT('',(58.5,-32.5,12.));
#4296=CARTESIAN_POINT('',(58.5,-32.5,9.));
#4297=CARTESIAN_POINT('',(75.5,-32.5,12.));
#4298=CARTESIAN_POINT('',(55.5,-32.5,12.));
#4299=CARTESIAN_POINT('',(75.5,-32.5,18.));
#4300=CARTESIAN_POINT('',(75.5,-32.5,6.));
#4301=CARTESIAN_POINT('',(77.5,-32.5,18.));
#4302=CARTESIAN_POINT('',(52.5,-32.5,18.));
#4303=CARTESIAN_POINT('',(77.5,-32.5,0.));
#4304=CARTESIAN_POINT('',(77.5,-32.5,0.));
#4305=CARTESIAN_POINT('',(34.875,-32.5,0.));
#4306=CARTESIAN_POINT('Origin',(26.4306964777143,-13.4595002733151,5.));
#4307=CARTESIAN_POINT('',(25.4306964628132,-13.4595002733151,0.));
#4308=CARTESIAN_POINT('',(26.4306964777143,-13.4595002733151,0.));
#4309=CARTESIAN_POINT('',(21.8403482388572,-13.4595002733151,0.));
#4310=CARTESIAN_POINT('',(25.4306964628132,-13.4595002733151,5.));
#4311=CARTESIAN_POINT('',(25.4306964628132,-13.4595002733151,5.));
#4312=CARTESIAN_POINT('',(26.4306964777143,-13.4595002733151,5.));
#4313=CARTESIAN_POINT('',(21.8403482388572,-13.4595002733151,5.));
#4314=CARTESIAN_POINT('',(26.4306964777143,-13.4595002733151,5.));
#4315=CARTESIAN_POINT('Origin',(26.4306964777143,-11.4595002733151,5.));
#4316=CARTESIAN_POINT('',(26.4306964777143,-11.4595002733151,0.));
#4317=CARTESIAN_POINT('',(26.4306964777143,-5.72975013665757,0.));
#4318=CARTESIAN_POINT('',(26.4306964777143,-11.4595002733151,5.));
#4319=CARTESIAN_POINT('',(26.4306964777143,-5.72975013665757,5.));
#4320=CARTESIAN_POINT('',(26.4306964777143,-11.4595002733151,5.));
#4321=CARTESIAN_POINT('Origin',(25.4306964628132,-11.4595002733151,5.));
#4322=CARTESIAN_POINT('',(25.4306964628132,-11.4595002733151,0.));
#4323=CARTESIAN_POINT('',(21.3403482314066,-11.4595002733151,0.));
#4324=CARTESIAN_POINT('',(25.4306964628132,-11.4595002733151,5.));
#4325=CARTESIAN_POINT('',(21.3403482314066,-11.4595002733151,5.));
#4326=CARTESIAN_POINT('',(25.4306964628132,-11.4595002733151,5.));
#4327=CARTESIAN_POINT('Origin',(26.4306964777143,13.4595002733151,5.));
#4328=CARTESIAN_POINT('',(26.4306964777143,11.4595002733151,0.));
#4329=CARTESIAN_POINT('',(26.4306964777143,13.4595002733151,0.));
#4330=CARTESIAN_POINT('',(26.4306964777143,6.72975013665757,0.));
#4331=CARTESIAN_POINT('',(26.4306964777143,11.4595002733151,5.));
#4332=CARTESIAN_POINT('',(26.4306964777143,11.4595002733151,5.));
#4333=CARTESIAN_POINT('',(26.4306964777143,13.4595002733151,5.));
#4334=CARTESIAN_POINT('',(26.4306964777143,6.72975013665757,5.));
#4335=CARTESIAN_POINT('',(26.4306964777143,13.4595002733151,5.));
#4336=CARTESIAN_POINT('Origin',(25.4306964628132,13.4595002733151,5.));
#4337=CARTESIAN_POINT('',(25.4306964628132,13.4595002733151,0.));
#4338=CARTESIAN_POINT('',(21.3403482314066,13.4595002733151,0.));
#4339=CARTESIAN_POINT('',(25.4306964628132,13.4595002733151,5.));
#4340=CARTESIAN_POINT('',(21.3403482314066,13.4595002733151,5.));
#4341=CARTESIAN_POINT('',(25.4306964628132,13.4595002733151,5.));
#4342=CARTESIAN_POINT('Origin',(26.4306964777143,11.4595002733151,5.));
#4343=CARTESIAN_POINT('',(25.4306964628132,11.4595002733151,0.));
#4344=CARTESIAN_POINT('',(21.8403482388572,11.4595002733151,0.));
#4345=CARTESIAN_POINT('',(25.4306964628132,11.4595002733151,5.));
#4346=CARTESIAN_POINT('',(25.4306964628132,11.4595002733151,5.));
#4347=CARTESIAN_POINT('',(21.8403482388572,11.4595002733151,5.));
#4348=CARTESIAN_POINT('Origin',(8.19999998509884,-11.4595002733151,5.));
#4349=CARTESIAN_POINT('',(9.2,-11.4595002733151,0.));
#4350=CARTESIAN_POINT('',(8.19999998509884,-11.4595002733151,0.));
#4351=CARTESIAN_POINT('',(12.7249999925494,-11.4595002733151,0.));
#4352=CARTESIAN_POINT('',(9.2,-11.4595002733151,5.));
#4353=CARTESIAN_POINT('',(9.2,-11.4595002733151,5.));
#4354=CARTESIAN_POINT('',(8.19999998509884,-11.4595002733151,5.));
#4355=CARTESIAN_POINT('',(12.7249999925494,-11.4595002733151,5.));
#4356=CARTESIAN_POINT('',(8.19999998509884,-11.4595002733151,5.));
#4357=CARTESIAN_POINT('Origin',(8.19999998509884,-13.4595002733151,5.));
#4358=CARTESIAN_POINT('',(8.19999998509884,-13.4595002733151,0.));
#4359=CARTESIAN_POINT('',(8.19999998509884,-6.72975013665757,0.));
#4360=CARTESIAN_POINT('',(8.19999998509884,-13.4595002733151,5.));
#4361=CARTESIAN_POINT('',(8.19999998509884,-6.72975013665757,5.));
#4362=CARTESIAN_POINT('',(8.19999998509884,-13.4595002733151,5.));
#4363=CARTESIAN_POINT('Origin',(9.2,-13.4595002733151,5.));
#4364=CARTESIAN_POINT('',(9.2,-13.4595002733151,0.));
#4365=CARTESIAN_POINT('',(13.225,-13.4595002733151,0.));
#4366=CARTESIAN_POINT('',(9.2,-13.4595002733151,5.));
#4367=CARTESIAN_POINT('',(13.225,-13.4595002733151,5.));
#4368=CARTESIAN_POINT('',(9.2,-13.4595002733151,5.));
#4369=CARTESIAN_POINT('Origin',(8.19999998509884,13.4595002733151,5.));
#4370=CARTESIAN_POINT('',(9.2,13.4595002733151,0.));
#4371=CARTESIAN_POINT('',(8.19999998509884,13.4595002733151,0.));
#4372=CARTESIAN_POINT('',(12.7249999925494,13.4595002733151,0.));
#4373=CARTESIAN_POINT('',(9.2,13.4595002733151,5.));
#4374=CARTESIAN_POINT('',(9.2,13.4595002733151,5.));
#4375=CARTESIAN_POINT('',(8.19999998509884,13.4595002733151,5.));
#4376=CARTESIAN_POINT('',(12.7249999925494,13.4595002733151,5.));
#4377=CARTESIAN_POINT('',(8.19999998509884,13.4595002733151,5.));
#4378=CARTESIAN_POINT('Origin',(8.19999998509884,11.4595002733151,5.));
#4379=CARTESIAN_POINT('',(8.19999998509884,11.4595002733151,0.));
#4380=CARTESIAN_POINT('',(8.19999998509884,5.72975013665757,0.));
#4381=CARTESIAN_POINT('',(8.19999998509884,11.4595002733151,5.));
#4382=CARTESIAN_POINT('',(8.19999998509884,5.72975013665757,5.));
#4383=CARTESIAN_POINT('',(8.19999998509884,11.4595002733151,5.));
#4384=CARTESIAN_POINT('Origin',(9.2,11.4595002733151,5.));
#4385=CARTESIAN_POINT('',(9.2,11.4595002733151,0.));
#4386=CARTESIAN_POINT('',(13.225,11.4595002733151,0.));
#4387=CARTESIAN_POINT('',(9.2,11.4595002733151,5.));
#4388=CARTESIAN_POINT('',(13.225,11.4595002733151,5.));
#4389=CARTESIAN_POINT('',(9.2,11.4595002733151,5.));
#4390=CARTESIAN_POINT('Origin',(63.699998576194,47.4999989382923,32.));
#4391=CARTESIAN_POINT('',(63.699998576194,49.,32.));
#4392=CARTESIAN_POINT('',(63.699998576194,47.4999989382923,32.));
#4393=CARTESIAN_POINT('',(63.699998576194,47.8749994691461,32.));
#4394=CARTESIAN_POINT('',(63.699998576194,49.,41.));
#4395=CARTESIAN_POINT('',(63.699998576194,49.,32.));
#4396=CARTESIAN_POINT('',(63.699998576194,47.4999989382923,41.));
#4397=CARTESIAN_POINT('',(63.699998576194,47.4999989382923,41.));
#4398=CARTESIAN_POINT('',(63.699998576194,47.4999989382923,32.));
#4399=CARTESIAN_POINT('Origin',(68.6999984644353,46.499998960644,32.));
#4400=CARTESIAN_POINT('',(68.6999984644353,47.4999989382923,32.));
#4401=CARTESIAN_POINT('',(68.6999984644353,46.499998960644,32.));
#4402=CARTESIAN_POINT('',(68.6999984644353,47.374999480322,32.));
#4403=CARTESIAN_POINT('',(68.6999984644353,47.4999989382923,41.));
#4404=CARTESIAN_POINT('',(68.6999984644353,47.4999989382923,32.));
#4405=CARTESIAN_POINT('',(68.6999984644353,46.499998960644,41.));
#4406=CARTESIAN_POINT('',(68.6999984644353,46.499998960644,41.));
#4407=CARTESIAN_POINT('',(68.6999984644353,46.499998960644,32.));
#4408=CARTESIAN_POINT('Origin',(68.6953124209934,49.,32.));
#4409=CARTESIAN_POINT('',(68.6953124209934,49.9999988824129,32.));
#4410=CARTESIAN_POINT('',(68.6953124209934,49.,32.));
#4411=CARTESIAN_POINT('',(68.6953124209934,48.625,32.));
#4412=CARTESIAN_POINT('',(68.6953124209934,49.9999988824129,41.));
#4413=CARTESIAN_POINT('',(68.6953124209934,49.9999988824129,32.));
#4414=CARTESIAN_POINT('',(68.6953124209934,49.,41.));
#4415=CARTESIAN_POINT('',(68.6953124209934,49.,41.));
#4416=CARTESIAN_POINT('',(68.6953124209934,49.,32.));
#4417=CARTESIAN_POINT('Origin',(63.699998576194,49.,32.));
#4418=CARTESIAN_POINT('',(70.0726554985937,49.,32.));
#4419=CARTESIAN_POINT('',(63.699998576194,49.,41.));
#4420=CARTESIAN_POINT('Origin',(65.9476554427144,48.2499989215285,41.));
#4421=CARTESIAN_POINT('',(63.1953124209935,49.9999988824129,41.));
#4422=CARTESIAN_POINT('',(68.6953124209934,49.9999988824129,41.));
#4423=CARTESIAN_POINT('',(63.1953124209935,46.499998960644,41.));
#4424=CARTESIAN_POINT('',(63.1953124209935,49.9999988824129,41.));
#4425=CARTESIAN_POINT('',(63.1953124209935,46.499998960644,41.));
#4426=CARTESIAN_POINT('',(68.6999984644353,47.4999989382923,41.));
#4427=CARTESIAN_POINT('Origin',(76.4453124209935,48.25,32.));
#4428=CARTESIAN_POINT('',(68.6953124209934,47.5,32.));
#4429=CARTESIAN_POINT('',(72.5726554427144,47.4999989382923,32.));
#4430=CARTESIAN_POINT('',(68.6953124209934,49.,32.));
#4431=CARTESIAN_POINT('Origin',(76.4453124209935,48.25,32.));
#4432=CARTESIAN_POINT('',(84.1953124209935,49.,32.));
#4433=CARTESIAN_POINT('',(84.1953124209935,49.,32.));
#4434=CARTESIAN_POINT('',(84.1953124209935,49.999998960644,32.));
#4435=CARTESIAN_POINT('',(84.1953124209935,49.124999480322,32.));
#4436=CARTESIAN_POINT('',(89.6953124209935,50.,32.));
#4437=CARTESIAN_POINT('Origin',(68.6999984644353,-47.4999989382923,32.));
#4438=CARTESIAN_POINT('',(68.6999984644353,-46.499998960644,32.));
#4439=CARTESIAN_POINT('',(68.6999984644353,-47.4999989382923,32.));
#4440=CARTESIAN_POINT('',(68.6999984644353,-47.8749994691462,32.));
#4441=CARTESIAN_POINT('',(68.6999984644353,-46.499998960644,41.));
#4442=CARTESIAN_POINT('',(68.6999984644353,-46.499998960644,32.));
#4443=CARTESIAN_POINT('',(68.6999984644353,-47.4999989382923,41.));
#4444=CARTESIAN_POINT('',(68.6999984644353,-46.499998960644,41.));
#4445=CARTESIAN_POINT('',(68.6999984644353,-47.4999989382923,32.));
#4446=CARTESIAN_POINT('Origin',(63.699998576194,-49.,32.));
#4447=CARTESIAN_POINT('',(63.699998576194,-47.4999989382923,32.));
#4448=CARTESIAN_POINT('',(63.699998576194,-49.,32.));
#4449=CARTESIAN_POINT('',(63.699998576194,-48.625,32.));
#4450=CARTESIAN_POINT('',(63.699998576194,-47.4999989382923,41.));
#4451=CARTESIAN_POINT('',(63.699998576194,-47.4999989382923,32.));
#4452=CARTESIAN_POINT('',(63.699998576194,-49.,41.));
#4453=CARTESIAN_POINT('',(63.699998576194,-47.4999989382923,41.));
#4454=CARTESIAN_POINT('',(63.699998576194,-49.,32.));
#4455=CARTESIAN_POINT('Origin',(68.6953124209934,-49.,32.));
#4456=CARTESIAN_POINT('',(68.6953124209934,-49.,32.));
#4457=CARTESIAN_POINT('',(72.5703124209934,-49.,32.));
#4458=CARTESIAN_POINT('',(68.6953124209934,-49.,41.));
#4459=CARTESIAN_POINT('',(63.699998576194,-49.,41.));
#4460=CARTESIAN_POINT('',(68.6953124209934,-49.,32.));
#4461=CARTESIAN_POINT('Origin',(68.6953124209934,-49.9999988824129,32.));
#4462=CARTESIAN_POINT('',(68.6953124209934,-49.9999988824129,32.));
#4463=CARTESIAN_POINT('',(68.6953124209934,-49.1249994412065,32.));
#4464=CARTESIAN_POINT('',(68.6953124209934,-49.9999988824129,41.));
#4465=CARTESIAN_POINT('',(68.6953124209934,-49.,41.));
#4466=CARTESIAN_POINT('',(68.6953124209934,-49.9999988824129,32.));
#4467=CARTESIAN_POINT('Origin',(65.9476554427144,-48.2499989215285,41.));
#4468=CARTESIAN_POINT('',(63.1953124209935,-49.9999988824129,41.));
#4469=CARTESIAN_POINT('',(68.6953124209934,-49.9999988824129,41.));
#4470=CARTESIAN_POINT('',(68.6999984644353,-47.4999989382923,41.));
#4471=CARTESIAN_POINT('',(63.1953124209935,-46.499998960644,41.));
#4472=CARTESIAN_POINT('',(63.1953124209935,-46.499998960644,41.));
#4473=CARTESIAN_POINT('',(63.1953124209935,-49.9999988824129,41.));
#4474=CARTESIAN_POINT('Origin',(76.4453124209934,-48.2500000000001,32.));
#4475=CARTESIAN_POINT('',(84.1953124209935,-49.999998960644,32.));
#4476=CARTESIAN_POINT('',(70.1953134640747,-50.,32.));
#4477=CARTESIAN_POINT('',(84.1953124209934,-49.0000000000001,32.));
#4478=CARTESIAN_POINT('',(84.1953124209935,-48.6249994523824,32.));
#4479=CARTESIAN_POINT('',(84.1953124209934,-49.0000000000001,32.));
#4480=CARTESIAN_POINT('Origin',(76.4453124209934,-48.2500000000001,32.));
#4481=CARTESIAN_POINT('',(84.1953124209934,-47.5000000000001,32.));
#4482=CARTESIAN_POINT('',(68.6953124209934,-47.5,32.));
#4483=CARTESIAN_POINT('',(84.1953124209934,-47.5000000000001,32.));
#4484=CARTESIAN_POINT('',(89.1999980062246,-48.9999989047647,32.));
#4485=CARTESIAN_POINT('',(82.822655213609,-48.9999989047647,32.));
#4486=CARTESIAN_POINT('',(89.1999980062246,-47.4999989382923,32.));
#4487=CARTESIAN_POINT('',(89.1999980062246,-47.8749994691462,32.));
#4488=CARTESIAN_POINT('',(84.1999981179833,-47.4999989382923,32.));
#4489=CARTESIAN_POINT('',(80.3226552694884,-47.4999989382923,32.));
#4490=CARTESIAN_POINT('',(84.1999981179833,-46.499998960644,32.));
#4491=CARTESIAN_POINT('',(84.1999981179833,-47.374999480322,32.));
#4492=CARTESIAN_POINT('',(70.1953134640747,-46.5,32.));
#4493=CARTESIAN_POINT('Origin',(76.4453124209934,-48.2500000000001,32.));
#4494=CARTESIAN_POINT('',(68.6953124209934,-47.5,32.));
#4495=CARTESIAN_POINT('',(70.0726554985937,-47.4999989382923,32.));
#4496=CARTESIAN_POINT('',(68.6953124209934,-49.,32.));
#4497=CARTESIAN_POINT('Origin',(124.500001817942,-7.75000000000003,32.));
#4498=CARTESIAN_POINT('',(123.500001817942,-7.75000000000003,32.));
#4499=CARTESIAN_POINT('',(124.500001817942,-7.75000000000003,32.));
#4500=CARTESIAN_POINT('',(123.625001817942,-7.75000000000003,32.));
#4501=CARTESIAN_POINT('',(123.500001817942,-7.75000000000003,41.));
#4502=CARTESIAN_POINT('',(123.500001817942,-7.75000000000003,32.));
#4503=CARTESIAN_POINT('',(124.500001817942,-7.75000000000003,41.));
#4504=CARTESIAN_POINT('',(123.500001817942,-7.75000000000003,41.));
#4505=CARTESIAN_POINT('',(124.500001817942,-7.75000000000003,32.));
#4506=CARTESIAN_POINT('Origin',(122.000001817942,-7.75000000000003,32.));
#4507=CARTESIAN_POINT('',(121.000001817942,-7.75000000000003,32.));
#4508=CARTESIAN_POINT('',(122.000001817942,-7.75000000000003,32.));
#4509=CARTESIAN_POINT('',(122.375001817942,-7.75000000000003,32.));
#4510=CARTESIAN_POINT('',(121.000001817942,-7.75000000000003,41.));
#4511=CARTESIAN_POINT('',(121.000001817942,-7.75000000000003,32.));
#4512=CARTESIAN_POINT('',(122.000001817942,-7.75000000000003,41.));
#4513=CARTESIAN_POINT('',(121.000001817942,-7.75000000000003,41.));
#4514=CARTESIAN_POINT('',(122.000001817942,-7.75000000000003,32.));
#4515=CARTESIAN_POINT('Origin',(122.000001817942,-12.75,32.));
#4516=CARTESIAN_POINT('',(122.000001817942,-12.75,32.));
#4517=CARTESIAN_POINT('',(122.000001817942,-6.37500000000003,32.));
#4518=CARTESIAN_POINT('',(122.000001817942,-12.75,41.));
#4519=CARTESIAN_POINT('',(122.000001817942,-7.75000000000003,41.));
#4520=CARTESIAN_POINT('',(122.000001817942,-12.75,32.));
#4521=CARTESIAN_POINT('Origin',(123.500001817942,-12.75,32.));
#4522=CARTESIAN_POINT('',(123.500001817942,-12.75,32.));
#4523=CARTESIAN_POINT('',(123.125001817942,-12.75,32.));
#4524=CARTESIAN_POINT('',(123.500001817942,-12.75,41.));
#4525=CARTESIAN_POINT('',(122.000001817942,-12.75,41.));
#4526=CARTESIAN_POINT('',(123.500001817942,-12.75,32.));
#4527=CARTESIAN_POINT('Origin',(123.500001817942,-7.75000000000003,32.));
#4528=CARTESIAN_POINT('',(123.500001817942,-3.87500000000003,32.));
#4529=CARTESIAN_POINT('',(123.500001817942,-7.75000000000003,41.));
#4530=CARTESIAN_POINT('Origin',(122.750001817942,-10.5,41.));
#4531=CARTESIAN_POINT('',(121.000001817942,-13.25,41.));
#4532=CARTESIAN_POINT('',(121.000001817942,-13.25,41.));
#4533=CARTESIAN_POINT('',(124.500001817942,-13.25,41.));
#4534=CARTESIAN_POINT('',(124.500001817942,-13.25,41.));
#4535=CARTESIAN_POINT('',(124.500001817942,-7.75000000000003,41.));
#4536=CARTESIAN_POINT('Origin',(122.750001817942,-3.33066907387547E-14,
32.));
#4537=CARTESIAN_POINT('',(123.500001817942,-7.75000000000003,32.));
#4538=CARTESIAN_POINT('Origin',(122.750001817942,-3.33066907387547E-14,
32.));
#4539=CARTESIAN_POINT('',(124.500001817942,7.75000000000003,32.));
#4540=CARTESIAN_POINT('',(124.500001817942,13.25,32.));
#4541=CARTESIAN_POINT('',(123.500001817942,7.74999999999997,32.));
#4542=CARTESIAN_POINT('',(123.125001817942,7.75000000000003,32.));
#4543=CARTESIAN_POINT('',(123.500001817942,7.74999999999997,32.));
#4544=CARTESIAN_POINT('Origin',(122.750001817942,-3.33066907387547E-14,
32.));
#4545=CARTESIAN_POINT('',(122.000001817942,7.74999999999997,32.));
#4546=CARTESIAN_POINT('',(122.000001817942,-7.75000000000003,32.));
#4547=CARTESIAN_POINT('',(121.000001817942,7.75000000000003,32.));
#4548=CARTESIAN_POINT('',(121.875001817942,7.75000000000003,32.));
#4549=CARTESIAN_POINT('',(121.000001817942,-13.25,32.));
#4550=CARTESIAN_POINT('Origin',(84.1953124209935,48.9999989047647,32.));
#4551=CARTESIAN_POINT('',(89.1999980062246,48.9999989047647,32.));
#4552=CARTESIAN_POINT('',(80.3203124209935,48.9999989047647,32.));
#4553=CARTESIAN_POINT('',(89.1999980062246,48.9999989047647,41.));
#4554=CARTESIAN_POINT('',(89.1999980062246,48.9999989047647,32.));
#4555=CARTESIAN_POINT('',(84.1953124209935,48.9999989047647,41.));
#4556=CARTESIAN_POINT('',(89.1999980062246,48.9999989047647,41.));
#4557=CARTESIAN_POINT('',(84.1953124209935,48.9999989047647,32.));
#4558=CARTESIAN_POINT('Origin',(84.1953124209935,49.999998960644,32.));
#4559=CARTESIAN_POINT('',(84.1953124209935,49.999998960644,41.));
#4560=CARTESIAN_POINT('',(84.1953124209935,48.9999989047647,41.));
#4561=CARTESIAN_POINT('',(84.1953124209935,49.999998960644,32.));
#4562=CARTESIAN_POINT('Origin',(84.1999981179833,47.4999989382923,32.));
#4563=CARTESIAN_POINT('',(84.1999981179833,46.499998960644,32.));
#4564=CARTESIAN_POINT('',(84.1999981179833,47.4999989382923,32.));
#4565=CARTESIAN_POINT('',(84.1999981179833,47.8749994691461,32.));
#4566=CARTESIAN_POINT('',(84.1999981179833,46.499998960644,41.));
#4567=CARTESIAN_POINT('',(84.1999981179833,46.499998960644,32.));
#4568=CARTESIAN_POINT('',(84.1999981179833,47.4999989382923,41.));
#4569=CARTESIAN_POINT('',(84.1999981179833,46.499998960644,41.));
#4570=CARTESIAN_POINT('',(84.1999981179833,47.4999989382923,32.));
#4571=CARTESIAN_POINT('Origin',(89.1999980062246,47.4999989382923,32.));
#4572=CARTESIAN_POINT('',(89.1999980062246,47.4999989382923,32.));
#4573=CARTESIAN_POINT('',(82.8226552136091,47.4999989382923,32.));
#4574=CARTESIAN_POINT('',(89.1999980062246,47.4999989382923,41.));
#4575=CARTESIAN_POINT('',(84.1999981179833,47.4999989382923,41.));
#4576=CARTESIAN_POINT('',(89.1999980062246,47.4999989382923,32.));
#4577=CARTESIAN_POINT('Origin',(89.1999980062246,48.9999989047647,32.));
#4578=CARTESIAN_POINT('',(89.1999980062246,48.6249994523823,32.));
#4579=CARTESIAN_POINT('',(89.1999980062246,47.4999989382923,41.));
#4580=CARTESIAN_POINT('Origin',(86.9453124209935,48.249998960644,41.));
#4581=CARTESIAN_POINT('',(89.6953124209935,46.499998960644,41.));
#4582=CARTESIAN_POINT('',(89.6953124209935,46.499998960644,41.));
#4583=CARTESIAN_POINT('',(89.6953124209935,49.999998960644,41.));
#4584=CARTESIAN_POINT('',(89.6953124209935,49.999998960644,41.));
#4585=CARTESIAN_POINT('',(84.1953124209935,49.999998960644,41.));
#4586=CARTESIAN_POINT('Origin',(76.4453124209935,48.25,32.));
#4587=CARTESIAN_POINT('',(70.1953134640747,46.5,32.));
#4588=CARTESIAN_POINT('',(84.1953124209935,47.5,32.));
#4589=CARTESIAN_POINT('',(84.1953124209935,47.5,32.));
#4590=CARTESIAN_POINT('',(68.6953124209934,47.5,32.));
#4591=CARTESIAN_POINT('Origin',(89.1999980062246,-48.9999989047647,32.));
#4592=CARTESIAN_POINT('',(84.1953124209935,-48.9999989047647,41.));
#4593=CARTESIAN_POINT('',(84.1953124209935,-48.9999989047647,32.));
#4594=CARTESIAN_POINT('',(89.1999980062246,-48.9999989047647,41.));
#4595=CARTESIAN_POINT('',(89.1999980062246,-48.9999989047647,41.));
#4596=CARTESIAN_POINT('',(89.1999980062246,-48.9999989047647,32.));
#4597=CARTESIAN_POINT('Origin',(89.1999980062246,-47.4999989382923,32.));
#4598=CARTESIAN_POINT('',(89.1999980062246,-47.4999989382923,41.));
#4599=CARTESIAN_POINT('',(89.1999980062246,-47.4999989382923,41.));
#4600=CARTESIAN_POINT('',(89.1999980062246,-47.4999989382923,32.));
#4601=CARTESIAN_POINT('Origin',(84.1999981179833,-47.4999989382923,32.));
#4602=CARTESIAN_POINT('',(84.1999981179833,-47.4999989382923,41.));
#4603=CARTESIAN_POINT('',(84.1999981179833,-47.4999989382923,41.));
#4604=CARTESIAN_POINT('',(84.1999981179833,-47.4999989382923,32.));
#4605=CARTESIAN_POINT('Origin',(84.1999981179833,-46.499998960644,32.));
#4606=CARTESIAN_POINT('',(84.1999981179833,-46.499998960644,41.));
#4607=CARTESIAN_POINT('',(84.1999981179833,-46.499998960644,41.));
#4608=CARTESIAN_POINT('',(84.1999981179833,-46.499998960644,32.));
#4609=CARTESIAN_POINT('Origin',(84.1953124209935,-48.9999989047647,32.));
#4610=CARTESIAN_POINT('',(84.1953124209935,-49.999998960644,41.));
#4611=CARTESIAN_POINT('',(84.1953124209935,-49.999998960644,32.));
#4612=CARTESIAN_POINT('',(84.1953124209935,-48.9999989047647,41.));
#4613=CARTESIAN_POINT('Origin',(86.9453124209935,-48.249998960644,41.));
#4614=CARTESIAN_POINT('',(89.6953124209935,-49.999998960644,41.));
#4615=CARTESIAN_POINT('',(84.1953124209935,-49.999998960644,41.));
#4616=CARTESIAN_POINT('',(89.6953124209935,-46.499998960644,41.));
#4617=CARTESIAN_POINT('',(89.6953124209935,-49.999998960644,41.));
#4618=CARTESIAN_POINT('',(89.6953124209935,-46.499998960644,41.));
#4619=CARTESIAN_POINT('Origin',(123.500001817942,12.75,32.));
#4620=CARTESIAN_POINT('',(123.500001817942,12.75,32.));
#4621=CARTESIAN_POINT('',(123.500001817942,6.375,32.));
#4622=CARTESIAN_POINT('',(123.500001817942,7.75000000000003,41.));
#4623=CARTESIAN_POINT('',(123.500001817942,7.75000000000003,32.));
#4624=CARTESIAN_POINT('',(123.500001817942,12.75,41.));
#4625=CARTESIAN_POINT('',(123.500001817942,7.75000000000003,41.));
#4626=CARTESIAN_POINT('',(123.500001817942,12.75,32.));
#4627=CARTESIAN_POINT('Origin',(122.000001817942,12.75,32.));
#4628=CARTESIAN_POINT('',(122.000001817942,12.75,32.));
#4629=CARTESIAN_POINT('',(122.375001817942,12.75,32.));
#4630=CARTESIAN_POINT('',(122.000001817942,12.75,41.));
#4631=CARTESIAN_POINT('',(122.000001817942,12.75,41.));
#4632=CARTESIAN_POINT('',(122.000001817942,12.75,32.));
#4633=CARTESIAN_POINT('Origin',(122.000001817942,7.75000000000003,32.));
#4634=CARTESIAN_POINT('',(122.000001817942,3.875,32.));
#4635=CARTESIAN_POINT('',(122.000001817942,7.75000000000003,41.));
#4636=CARTESIAN_POINT('',(122.000001817942,7.75000000000003,41.));
#4637=CARTESIAN_POINT('',(122.000001817942,7.75000000000003,32.));
#4638=CARTESIAN_POINT('Origin',(121.000001817942,7.75000000000003,32.));
#4639=CARTESIAN_POINT('',(121.000001817942,7.75000000000003,41.));
#4640=CARTESIAN_POINT('',(121.000001817942,7.75000000000003,41.));
#4641=CARTESIAN_POINT('',(121.000001817942,7.75000000000003,32.));
#4642=CARTESIAN_POINT('Origin',(123.500001817942,7.75000000000003,32.));
#4643=CARTESIAN_POINT('',(124.500001817942,7.75000000000003,41.));
#4644=CARTESIAN_POINT('',(124.500001817942,7.75000000000003,32.));
#4645=CARTESIAN_POINT('',(123.500001817942,7.75000000000003,41.));
#4646=CARTESIAN_POINT('Origin',(122.750001817942,10.5,41.));
#4647=CARTESIAN_POINT('',(124.500001817942,13.25,41.));
#4648=CARTESIAN_POINT('',(124.500001817942,7.75000000000003,41.));
#4649=CARTESIAN_POINT('',(121.000001817942,13.25,41.));
#4650=CARTESIAN_POINT('',(124.500001817942,13.25,41.));
#4651=CARTESIAN_POINT('',(121.000001817942,13.25,41.));
#4652=CARTESIAN_POINT('Origin',(122.750001817942,-3.33066907387547E-14,
32.));
#4653=CARTESIAN_POINT('',(122.000001817942,7.74999999999997,32.));
#4654=CARTESIAN_POINT('Origin',(84.1953124209934,-47.5000000000001,30.));
#4655=CARTESIAN_POINT('',(84.1953124209934,-49.0000000000001,30.));
#4656=CARTESIAN_POINT('',(84.1953124209934,-47.5000000000001,30.));
#4657=CARTESIAN_POINT('',(84.1953124209934,-23.75,30.));
#4658=CARTESIAN_POINT('',(84.1953124209934,-49.0000000000001,30.));
#4659=CARTESIAN_POINT('',(84.1953124209934,-47.5000000000001,30.));
#4660=CARTESIAN_POINT('Origin',(68.6953124209934,-47.5,30.));
#4661=CARTESIAN_POINT('',(68.6953124209934,-47.5,30.));
#4662=CARTESIAN_POINT('',(74.0976562104967,-47.5000000000001,30.));
#4663=CARTESIAN_POINT('',(68.6953124209934,-47.5,30.));
#4664=CARTESIAN_POINT('Origin',(68.6953124209934,-49.,30.));
#4665=CARTESIAN_POINT('',(68.6953124209934,-49.,30.));
#4666=CARTESIAN_POINT('',(68.6953124209934,-24.5,30.));
#4667=CARTESIAN_POINT('',(68.6953124209934,-49.,30.));
#4668=CARTESIAN_POINT('Origin',(84.1953124209934,-49.0000000000001,30.));
#4669=CARTESIAN_POINT('',(81.8476562104967,-49.0000000000001,30.));
#4670=CARTESIAN_POINT('Origin',(89.6953124209934,-50.0000000000001,30.));
#4671=CARTESIAN_POINT('',(89.6953124209934,-46.5000000000001,30.));
#4672=CARTESIAN_POINT('',(89.6953124209934,-50.0000000000001,30.));
#4673=CARTESIAN_POINT('',(89.6953124209934,-25.,30.));
#4674=CARTESIAN_POINT('',(89.6953124209934,-46.5000000000001,30.));
#4675=CARTESIAN_POINT('',(89.6953124209934,-50.0000000000001,30.));
#4676=CARTESIAN_POINT('Origin',(63.1953124209934,-46.5000000000001,30.));
#4677=CARTESIAN_POINT('',(63.1953124209934,-50.,30.));
#4678=CARTESIAN_POINT('',(63.1953124209934,-46.5000000000001,30.));
#4679=CARTESIAN_POINT('',(63.1953124209934,-23.25,30.));
#4680=CARTESIAN_POINT('',(63.1953124209934,-50.,30.));
#4681=CARTESIAN_POINT('',(63.1953124209934,-46.5000000000001,30.));
#4682=CARTESIAN_POINT('Origin',(89.6953124209934,-46.5,30.));
#4683=CARTESIAN_POINT('',(84.5976562104968,-46.5,30.));
#4684=CARTESIAN_POINT('Origin',(79.5,0.,30.));
#4685=CARTESIAN_POINT('',(114.5,-50.,30.));
#4686=CARTESIAN_POINT('',(34.5,-50.,30.));
#4687=CARTESIAN_POINT('',(124.5,-40.,30.));
#4688=CARTESIAN_POINT('Origin',(114.5,-40.,30.));
#4689=CARTESIAN_POINT('',(124.500001817942,-13.25,30.));
#4690=CARTESIAN_POINT('',(124.5,-40.,30.));
#4691=CARTESIAN_POINT('',(121.000001817942,-13.25,30.));
#4692=CARTESIAN_POINT('',(100.250000908971,-13.25,30.));
#4693=CARTESIAN_POINT('',(121.000001817942,13.25,30.));
#4694=CARTESIAN_POINT('',(121.000001817942,6.62499999999998,30.));
#4695=CARTESIAN_POINT('',(124.500001817942,13.25,30.));
#4696=CARTESIAN_POINT('',(102.000000908971,13.25,30.));
#4697=CARTESIAN_POINT('',(124.5,40.,30.));
#4698=CARTESIAN_POINT('',(124.5,-40.,30.));
#4699=CARTESIAN_POINT('',(114.5,50.,30.));
#4700=CARTESIAN_POINT('Origin',(114.5,40.,30.));
#4701=CARTESIAN_POINT('',(89.6953124209935,50.,30.));
#4702=CARTESIAN_POINT('',(34.5,50.,30.));
#4703=CARTESIAN_POINT('',(89.6953124209935,46.5,30.));
#4704=CARTESIAN_POINT('',(89.6953124209935,23.25,30.));
#4705=CARTESIAN_POINT('',(63.1953124209935,46.5,30.));
#4706=CARTESIAN_POINT('',(71.3476562104967,46.5,30.));
#4707=CARTESIAN_POINT('',(63.1953124209935,50.,30.));
#4708=CARTESIAN_POINT('',(63.1953124209935,25.,30.));
#4709=CARTESIAN_POINT('',(34.5,50.,30.));
#4710=CARTESIAN_POINT('',(34.5,50.,30.));
#4711=CARTESIAN_POINT('',(34.5,-50.,30.));
#4712=CARTESIAN_POINT('',(34.5,0.,30.));
#4713=CARTESIAN_POINT('',(34.5,-50.,30.));
#4714=CARTESIAN_POINT('',(44.1000011175871,41.75,30.));
#4715=CARTESIAN_POINT('Origin',(42.3500011175871,41.75,30.));
#4716=CARTESIAN_POINT('',(109.400001117587,41.75,30.));
#4717=CARTESIAN_POINT('Origin',(107.650001117587,41.75,30.));
#4718=CARTESIAN_POINT('',(44.1000011175871,-41.75,30.));
#4719=CARTESIAN_POINT('Origin',(42.3500011175871,-41.75,30.));
#4720=CARTESIAN_POINT('',(109.400001117587,-41.75,30.));
#4721=CARTESIAN_POINT('Origin',(107.650001117587,-41.75,30.));
#4722=CARTESIAN_POINT('',(105.400001117587,39.5,30.));
#4723=CARTESIAN_POINT('',(110.100001117587,39.5,30.));
#4724=CARTESIAN_POINT('',(92.4500005587935,39.5,30.));
#4725=CARTESIAN_POINT('',(110.100001117587,-39.5,30.));
#4726=CARTESIAN_POINT('',(110.100001117587,19.75,30.));
#4727=CARTESIAN_POINT('',(105.400001117587,-39.5,30.));
#4728=CARTESIAN_POINT('',(94.8000005587936,-39.5,30.));
#4729=CARTESIAN_POINT('',(105.400001117587,-45.1,30.));
#4730=CARTESIAN_POINT('',(105.400001117587,-19.75,30.));
#4731=CARTESIAN_POINT('',(44.6000011175871,-45.1,30.));
#4732=CARTESIAN_POINT('',(92.4500005587935,-45.1,30.));
#4733=CARTESIAN_POINT('',(44.6000011175871,-39.5,30.));
#4734=CARTESIAN_POINT('',(44.6000011175871,-22.55,30.));
#4735=CARTESIAN_POINT('',(39.9000011175871,-39.5,30.));
#4736=CARTESIAN_POINT('',(62.0500005587935,-39.5,30.));
#4737=CARTESIAN_POINT('',(39.9000011175871,39.5,30.));
#4738=CARTESIAN_POINT('',(39.9000011175871,-19.75,30.));
#4739=CARTESIAN_POINT('',(44.6000011175871,39.5,30.));
#4740=CARTESIAN_POINT('',(59.7000005587935,39.5,30.));
#4741=CARTESIAN_POINT('',(44.6000011175871,45.1,30.));
#4742=CARTESIAN_POINT('',(44.6000011175871,19.75,30.));
#4743=CARTESIAN_POINT('',(105.400001117587,45.1,30.));
#4744=CARTESIAN_POINT('',(62.0500005587935,45.1,30.));
#4745=CARTESIAN_POINT('',(105.400001117587,22.55,30.));
#4746=CARTESIAN_POINT('Origin',(122.000001817942,-7.75000000000003,30.));
#4747=CARTESIAN_POINT('',(122.000001817942,7.74999999999997,30.));
#4748=CARTESIAN_POINT('',(122.000001817942,-7.75000000000003,30.));
#4749=CARTESIAN_POINT('',(122.000001817942,-3.87500000000002,30.));
#4750=CARTESIAN_POINT('',(122.000001817942,7.74999999999997,30.));
#4751=CARTESIAN_POINT('',(122.000001817942,-7.75000000000003,30.));
#4752=CARTESIAN_POINT('Origin',(123.500001817942,-7.75000000000003,30.));
#4753=CARTESIAN_POINT('',(123.500001817942,-7.75000000000003,30.));
#4754=CARTESIAN_POINT('',(101.500000908971,-7.75000000000003,30.));
#4755=CARTESIAN_POINT('',(123.500001817942,-7.75000000000003,30.));
#4756=CARTESIAN_POINT('Origin',(123.500001817942,7.74999999999997,30.));
#4757=CARTESIAN_POINT('',(123.500001817942,7.74999999999997,30.));
#4758=CARTESIAN_POINT('',(123.500001817942,3.87499999999998,30.));
#4759=CARTESIAN_POINT('',(123.500001817942,7.74999999999997,30.));
#4760=CARTESIAN_POINT('Origin',(122.000001817942,7.74999999999997,30.));
#4761=CARTESIAN_POINT('',(100.750000908971,7.74999999999997,30.));
#4762=CARTESIAN_POINT('Origin',(121.000001817942,-13.25,30.));
#4763=CARTESIAN_POINT('',(124.500001817942,-13.25,30.));
#4764=CARTESIAN_POINT('',(121.000001817942,-13.25,30.));
#4765=CARTESIAN_POINT('Origin',(121.000001817942,13.25,30.));
#4766=CARTESIAN_POINT('',(121.000001817942,13.25,30.));
#4767=CARTESIAN_POINT('Origin',(124.500001817942,13.25,30.));
#4768=CARTESIAN_POINT('',(124.500001817942,13.25,30.));
#4769=CARTESIAN_POINT('Origin',(79.5,0.,30.));
#4770=CARTESIAN_POINT('Origin',(68.6953124209934,49.,30.));
#4771=CARTESIAN_POINT('',(84.1953124209935,49.,30.));
#4772=CARTESIAN_POINT('',(68.6953124209934,49.,30.));
#4773=CARTESIAN_POINT('',(74.0976562104967,49.,30.));
#4774=CARTESIAN_POINT('',(84.1953124209935,49.,30.));
#4775=CARTESIAN_POINT('',(68.6953124209934,49.,30.));
#4776=CARTESIAN_POINT('Origin',(68.6953124209934,47.5,30.));
#4777=CARTESIAN_POINT('',(68.6953124209934,47.5,30.));
#4778=CARTESIAN_POINT('',(68.6953124209934,23.75,30.));
#4779=CARTESIAN_POINT('',(68.6953124209934,47.5,30.));
#4780=CARTESIAN_POINT('Origin',(84.1953124209935,47.5,30.));
#4781=CARTESIAN_POINT('',(84.1953124209935,47.5,30.));
#4782=CARTESIAN_POINT('',(81.8476562104967,47.5,30.));
#4783=CARTESIAN_POINT('',(84.1953124209935,47.5,30.));
#4784=CARTESIAN_POINT('Origin',(84.1953124209935,49.,30.));
#4785=CARTESIAN_POINT('',(84.1953124209935,24.5,30.));
#4786=CARTESIAN_POINT('Origin',(63.1953124209935,50.,30.));
#4787=CARTESIAN_POINT('',(63.1953124209935,46.5,30.));
#4788=CARTESIAN_POINT('',(63.1953124209935,50.,30.));
#4789=CARTESIAN_POINT('Origin',(89.6953124209935,46.5,30.));
#4790=CARTESIAN_POINT('',(89.6953124209935,50.,30.));
#4791=CARTESIAN_POINT('',(89.6953124209935,46.5,30.));
#4792=CARTESIAN_POINT('Origin',(63.1953124209935,46.5,30.));
#4793=CARTESIAN_POINT('Origin',(79.5,0.,30.));
#4794=CARTESIAN_POINT('Origin',(34.5,-7.61397570383644,12.));
#4795=CARTESIAN_POINT('',(52.5,7.61397570383643,12.));
#4796=CARTESIAN_POINT('',(52.5,-7.61397570383644,12.));
#4797=CARTESIAN_POINT('',(52.5,12.4430121480818,12.));
#4798=CARTESIAN_POINT('',(34.5,7.61397570383643,12.));
#4799=CARTESIAN_POINT('',(34.5,7.61397570383643,12.));
#4800=CARTESIAN_POINT('',(34.5,-7.61397570383644,12.));
#4801=CARTESIAN_POINT('',(34.5,21.1930121480818,12.));
#4802=CARTESIAN_POINT('',(34.5,-7.61397570383644,12.));
#4803=CARTESIAN_POINT('Origin',(34.5,-7.61397570383644,18.));
#4804=CARTESIAN_POINT('',(52.5,-7.61397570383644,18.));
#4805=CARTESIAN_POINT('',(52.5,-7.61397570383644,9.));
#4806=CARTESIAN_POINT('',(34.5,-7.61397570383644,18.));
#4807=CARTESIAN_POINT('',(34.5,-7.61397570383644,9.));
#4808=CARTESIAN_POINT('',(34.5,-7.61397570383644,18.));
#4809=CARTESIAN_POINT('Origin',(34.5,7.61397570383643,12.));
#4810=CARTESIAN_POINT('',(52.5,7.61397570383643,18.));
#4811=CARTESIAN_POINT('',(52.5,7.61397570383643,6.));
#4812=CARTESIAN_POINT('',(34.5,7.61397570383643,18.));
#4813=CARTESIAN_POINT('',(34.5,7.61397570383643,18.));
#4814=CARTESIAN_POINT('',(34.5,7.61397570383643,6.));
#4815=CARTESIAN_POINT('Origin',(52.5,32.5,0.));
#4816=CARTESIAN_POINT('',(52.5,32.5,18.));
#4817=CARTESIAN_POINT('',(52.5,32.5,0.));
#4818=CARTESIAN_POINT('',(52.5,16.25,0.));
#4819=CARTESIAN_POINT('',(52.5,32.5,18.));
#4820=CARTESIAN_POINT('',(52.5,32.5,0.));
#4821=CARTESIAN_POINT('',(52.5,32.5,18.));
#4822=CARTESIAN_POINT('Origin',(10.2,-12.4595002733151,12.));
#4823=CARTESIAN_POINT('',(11.2,-16.4595002733151,12.));
#4824=CARTESIAN_POINT('',(11.2,-8.45950027331514,12.));
#4825=CARTESIAN_POINT('',(11.2,-8.45950027331514,12.));
#4826=CARTESIAN_POINT('',(9.2,-8.45950027331514,12.));
#4827=CARTESIAN_POINT('',(11.2,-8.45950027331514,12.));
#4828=CARTESIAN_POINT('',(9.2,-16.4595002733151,12.));
#4829=CARTESIAN_POINT('',(9.2,-16.4595002733151,12.));
#4830=CARTESIAN_POINT('',(11.2,-16.4595002733151,12.));
#4831=CARTESIAN_POINT('Origin',(24.3153482314066,12.4595002733151,12.));
#4832=CARTESIAN_POINT('',(25.4306964628132,8.45950027331514,12.));
#4833=CARTESIAN_POINT('',(25.4306964628132,16.4595002733151,12.));
#4834=CARTESIAN_POINT('',(25.4306964628132,16.4595002733151,12.));
#4835=CARTESIAN_POINT('',(23.2,16.4595002733151,12.));
#4836=CARTESIAN_POINT('',(23.2,16.4595002733151,12.));
#4837=CARTESIAN_POINT('',(23.2,8.45950027331514,12.));
#4838=CARTESIAN_POINT('',(23.2,8.45950027331514,12.));
#4839=CARTESIAN_POINT('',(25.4306964628132,8.45950027331514,12.));
#4840=CARTESIAN_POINT('Origin',(10.2,12.4595002733151,12.));
#4841=CARTESIAN_POINT('',(11.2,16.4595002733151,12.));
#4842=CARTESIAN_POINT('',(9.2,16.4595002733151,12.));
#4843=CARTESIAN_POINT('',(11.2,16.4595002733151,12.));
#4844=CARTESIAN_POINT('',(9.2,8.45950027331514,12.));
#4845=CARTESIAN_POINT('',(9.2,16.4595002733151,12.));
#4846=CARTESIAN_POINT('',(11.2,8.45950027331514,12.));
#4847=CARTESIAN_POINT('',(11.2,8.45950027331514,12.));
#4848=CARTESIAN_POINT('',(11.2,8.45950027331514,12.));
#4849=CARTESIAN_POINT('Origin',(24.3153482314066,-12.4595002733151,12.));
#4850=CARTESIAN_POINT('',(25.4306964628132,-8.45950027331514,12.));
#4851=CARTESIAN_POINT('',(23.2,-8.45950027331514,12.));
#4852=CARTESIAN_POINT('',(25.4306964628132,-8.45950027331514,12.));
#4853=CARTESIAN_POINT('',(23.2,-16.4595002733151,12.));
#4854=CARTESIAN_POINT('',(23.2,-8.45950027331514,12.));
#4855=CARTESIAN_POINT('',(25.4306964628132,-16.4595002733151,12.));
#4856=CARTESIAN_POINT('',(23.2,-16.4595002733151,12.));
#4857=CARTESIAN_POINT('',(25.4306964628132,-16.4595002733151,12.));
#4858=CARTESIAN_POINT('Origin',(18.0000002682209,0.,17.));
#4859=CARTESIAN_POINT('',(14.371601455144,1.6,17.));
#4860=CARTESIAN_POINT('',(14.371601455144,-1.6,17.));
#4861=CARTESIAN_POINT('',(14.371601455144,1.6,17.));
#4862=CARTESIAN_POINT('',(21.6283990812978,-1.6,17.));
#4863=CARTESIAN_POINT('',(14.371601455144,-1.6,17.));
#4864=CARTESIAN_POINT('',(21.6283990812978,1.6,17.));
#4865=CARTESIAN_POINT('',(21.6283990812978,-1.6,17.));
#4866=CARTESIAN_POINT('',(21.6283990812978,1.6,17.));
#4867=CARTESIAN_POINT('Origin',(23.2,8.45950027331514,5.));
#4868=CARTESIAN_POINT('',(25.4306964628132,8.45950027331514,5.));
#4869=CARTESIAN_POINT('',(23.2,8.45950027331514,5.));
#4870=CARTESIAN_POINT('',(20.225,8.45950027331514,5.));
#4871=CARTESIAN_POINT('',(25.4306964628132,8.45950027331514,5.));
#4872=CARTESIAN_POINT('',(23.2,8.45950027331514,5.));
#4873=CARTESIAN_POINT('Origin',(23.2,16.4595002733151,5.));
#4874=CARTESIAN_POINT('',(23.2,16.4595002733151,5.));
#4875=CARTESIAN_POINT('',(23.2,8.22975013665757,5.));
#4876=CARTESIAN_POINT('',(23.2,16.4595002733151,5.));
#4877=CARTESIAN_POINT('Origin',(25.4306964628132,16.4595002733151,5.));
#4878=CARTESIAN_POINT('',(25.4306964628132,16.4595002733151,5.));
#4879=CARTESIAN_POINT('',(21.3403482314066,16.4595002733151,5.));
#4880=CARTESIAN_POINT('',(25.4306964628132,16.4595002733151,5.));
#4881=CARTESIAN_POINT('Origin',(25.4306964628132,8.45950027331514,5.));
#4882=CARTESIAN_POINT('',(25.4306964628132,4.22975013665757,5.));
#4883=CARTESIAN_POINT('',(25.4306964628132,4.22975013665757,5.));
#4884=CARTESIAN_POINT('',(25.4306964628132,5.72975013665757,0.));
#4885=CARTESIAN_POINT('Origin',(25.4306964628132,-16.4595002733151,5.));
#4886=CARTESIAN_POINT('',(25.4306964628132,-8.45950027331514,5.));
#4887=CARTESIAN_POINT('',(25.4306964628132,-8.22975013665757,5.));
#4888=CARTESIAN_POINT('',(25.4306964628132,-8.45950027331514,5.));
#4889=CARTESIAN_POINT('',(25.4306964628132,-16.4595002733151,5.));
#4890=CARTESIAN_POINT('',(25.4306964628132,-16.4595002733151,5.));
#4891=CARTESIAN_POINT('',(25.4306964628132,-8.22975013665757,5.));
#4892=CARTESIAN_POINT('',(25.4306964628132,-6.72975013665757,0.));
#4893=CARTESIAN_POINT('Origin',(23.2,-16.4595002733151,5.));
#4894=CARTESIAN_POINT('',(23.2,-16.4595002733151,5.));
#4895=CARTESIAN_POINT('',(20.225,-16.4595002733151,5.));
#4896=CARTESIAN_POINT('',(23.2,-16.4595002733151,5.));
#4897=CARTESIAN_POINT('Origin',(23.2,-8.45950027331514,5.));
#4898=CARTESIAN_POINT('',(23.2,-8.45950027331514,5.));
#4899=CARTESIAN_POINT('',(23.2,-4.22975013665757,5.));
#4900=CARTESIAN_POINT('',(23.2,-8.45950027331514,5.));
#4901=CARTESIAN_POINT('Origin',(25.4306964628132,-8.45950027331514,5.));
#4902=CARTESIAN_POINT('',(21.3403482314066,-8.45950027331514,5.));
#4903=CARTESIAN_POINT('Origin',(11.2,8.45950027331514,5.));
#4904=CARTESIAN_POINT('',(11.2,16.4595002733151,5.));
#4905=CARTESIAN_POINT('',(11.2,8.45950027331514,5.));
#4906=CARTESIAN_POINT('',(11.2,4.22975013665757,5.));
#4907=CARTESIAN_POINT('',(11.2,16.4595002733151,5.));
#4908=CARTESIAN_POINT('',(11.2,8.45950027331514,5.));
#4909=CARTESIAN_POINT('Origin',(9.2,8.45950027331514,5.));
#4910=CARTESIAN_POINT('',(9.2,8.45950027331514,5.));
#4911=CARTESIAN_POINT('',(13.225,8.45950027331514,5.));
#4912=CARTESIAN_POINT('',(9.2,8.45950027331514,5.));
#4913=CARTESIAN_POINT('Origin',(9.2,16.4595002733151,5.));
#4914=CARTESIAN_POINT('',(9.2,8.22975013665757,5.));
#4915=CARTESIAN_POINT('',(9.2,16.4595002733151,5.));
#4916=CARTESIAN_POINT('',(9.2,16.4595002733151,5.));
#4917=CARTESIAN_POINT('',(9.2,8.22975013665757,5.));
#4918=CARTESIAN_POINT('',(9.2,6.72975013665757,0.));
#4919=CARTESIAN_POINT('Origin',(11.2,16.4595002733151,5.));
#4920=CARTESIAN_POINT('',(14.225,16.4595002733151,5.));
#4921=CARTESIAN_POINT('Origin',(9.2,-16.4595002733151,5.));
#4922=CARTESIAN_POINT('',(11.2,-16.4595002733151,5.));
#4923=CARTESIAN_POINT('',(9.2,-16.4595002733151,5.));
#4924=CARTESIAN_POINT('',(13.225,-16.4595002733151,5.));
#4925=CARTESIAN_POINT('',(11.2,-16.4595002733151,5.));
#4926=CARTESIAN_POINT('',(9.2,-16.4595002733151,5.));
#4927=CARTESIAN_POINT('Origin',(9.2,-8.45950027331514,5.));
#4928=CARTESIAN_POINT('',(9.2,-4.22975013665757,5.));
#4929=CARTESIAN_POINT('',(9.2,-8.45950027331514,5.));
#4930=CARTESIAN_POINT('',(9.2,-8.45950027331514,5.));
#4931=CARTESIAN_POINT('',(9.2,-4.22975013665757,5.));
#4932=CARTESIAN_POINT('',(9.2,-5.72975013665757,0.));
#4933=CARTESIAN_POINT('Origin',(11.2,-8.45950027331514,5.));
#4934=CARTESIAN_POINT('',(11.2,-8.45950027331514,5.));
#4935=CARTESIAN_POINT('',(14.225,-8.45950027331514,5.));
#4936=CARTESIAN_POINT('',(11.2,-8.45950027331514,5.));
#4937=CARTESIAN_POINT('Origin',(11.2,-16.4595002733151,5.));
#4938=CARTESIAN_POINT('',(11.2,-8.22975013665757,5.));
#4939=CARTESIAN_POINT('Origin',(21.6283990812978,1.6,5.));
#4940=CARTESIAN_POINT('',(14.371601455144,1.6,5.));
#4941=CARTESIAN_POINT('',(21.6283990812978,1.6,5.));
#4942=CARTESIAN_POINT('',(19.4391995406489,1.6,5.));
#4943=CARTESIAN_POINT('',(14.371601455144,1.6,5.));
#4944=CARTESIAN_POINT('',(21.6283990812978,1.6,5.));
#4945=CARTESIAN_POINT('Origin',(21.6283990812978,-1.6,5.));
#4946=CARTESIAN_POINT('',(21.6283990812978,-1.6,5.));
#4947=CARTESIAN_POINT('',(21.6283990812978,-0.8,5.));
#4948=CARTESIAN_POINT('',(21.6283990812978,-1.6,5.));
#4949=CARTESIAN_POINT('Origin',(14.371601455144,-1.6,5.));
#4950=CARTESIAN_POINT('',(14.371601455144,-1.6,5.));
#4951=CARTESIAN_POINT('',(15.810800727572,-1.6,5.));
#4952=CARTESIAN_POINT('',(14.371601455144,-1.6,5.));
#4953=CARTESIAN_POINT('Origin',(14.371601455144,1.6,5.));
#4954=CARTESIAN_POINT('',(14.371601455144,0.8,5.));
#4955=CARTESIAN_POINT('Origin',(75.5,50.,12.));
#4956=CARTESIAN_POINT('',(75.5,32.5,18.));
#4957=CARTESIAN_POINT('',(75.5,32.5,12.));
#4958=CARTESIAN_POINT('',(75.5,32.5,6.));
#4959=CARTESIAN_POINT('',(75.5,50.,18.));
#4960=CARTESIAN_POINT('',(75.5,50.,18.));
#4961=CARTESIAN_POINT('',(75.5,50.,12.));
#4962=CARTESIAN_POINT('',(75.5,50.,6.));
#4963=CARTESIAN_POINT('',(75.5,50.,12.));
#4964=CARTESIAN_POINT('Origin',(75.5,50.,12.));
#4965=CARTESIAN_POINT('',(75.5,-50.,12.));
#4966=CARTESIAN_POINT('',(75.5,50.,12.));
#4967=CARTESIAN_POINT('',(75.5,-50.,18.));
#4968=CARTESIAN_POINT('',(75.5,-50.,6.));
#4969=CARTESIAN_POINT('',(75.5,50.,18.));
#4970=CARTESIAN_POINT('Origin',(58.5,50.,12.));
#4971=CARTESIAN_POINT('',(58.5,32.5,12.));
#4972=CARTESIAN_POINT('',(68.,32.5,12.));
#4973=CARTESIAN_POINT('',(58.5,50.,12.));
#4974=CARTESIAN_POINT('',(86.5,50.,12.));
#4975=CARTESIAN_POINT('',(58.5,50.,12.));
#4976=CARTESIAN_POINT('Origin',(58.5,50.,18.));
#4977=CARTESIAN_POINT('',(58.5,32.5,18.));
#4978=CARTESIAN_POINT('',(58.5,32.5,9.));
#4979=CARTESIAN_POINT('',(58.5,50.,18.));
#4980=CARTESIAN_POINT('',(58.5,50.,9.));
#4981=CARTESIAN_POINT('',(58.5,50.,18.));
#4982=CARTESIAN_POINT('Origin',(58.5,50.,18.));
#4983=CARTESIAN_POINT('',(58.5,-50.,18.));
#4984=CARTESIAN_POINT('',(58.5,50.,18.));
#4985=CARTESIAN_POINT('',(58.5,-50.,12.));
#4986=CARTESIAN_POINT('',(58.5,-50.,9.));
#4987=CARTESIAN_POINT('',(58.5,50.,12.));
#4988=CARTESIAN_POINT('Origin',(58.5,50.,12.));
#4989=CARTESIAN_POINT('',(46.5,-50.,12.));
#4990=CARTESIAN_POINT('Origin',(65.,1.33226762955019E-14,18.));
#4991=CARTESIAN_POINT('',(77.5,32.5,18.));
#4992=CARTESIAN_POINT('',(95.,50.,18.));
#4993=CARTESIAN_POINT('',(77.5,32.5,18.));
#4994=CARTESIAN_POINT('',(77.5,32.5,18.));
#4995=CARTESIAN_POINT('',(77.5,-32.5,18.));
#4996=CARTESIAN_POINT('',(55.,-50.,18.));
#4997=CARTESIAN_POINT('',(34.5,28.8069878519182,18.));
#4998=CARTESIAN_POINT('Origin',(77.5,32.5,0.));
#4999=CARTESIAN_POINT('',(77.5,32.5,0.));
#5000=CARTESIAN_POINT('',(47.375,32.5,0.));
#5001=CARTESIAN_POINT('',(77.5,32.5,0.));
#5002=CARTESIAN_POINT('',(47.375,32.5,0.));
#5003=CARTESIAN_POINT('Origin',(77.5,-32.5,0.));
#5004=CARTESIAN_POINT('',(77.5,-16.25,0.));
#5005=CARTESIAN_POINT('Origin',(105.400001117587,39.5,30.));
#5006=CARTESIAN_POINT('',(105.400001117587,39.5,25.));
#5007=CARTESIAN_POINT('',(105.400001117587,39.5,30.));
#5008=CARTESIAN_POINT('',(110.100001117587,39.5,25.));
#5009=CARTESIAN_POINT('',(110.100001117587,39.5,25.));
#5010=CARTESIAN_POINT('',(110.100001117587,39.5,30.));
#5011=CARTESIAN_POINT('Origin',(105.400001117587,45.1,30.));
#5012=CARTESIAN_POINT('',(105.400001117587,45.1,25.));
#5013=CARTESIAN_POINT('',(105.400001117587,45.1,30.));
#5014=CARTESIAN_POINT('',(105.400001117587,45.1,25.));
#5015=CARTESIAN_POINT('Origin',(44.6000011175871,45.1,30.));
#5016=CARTESIAN_POINT('',(44.6000011175871,45.1,25.));
#5017=CARTESIAN_POINT('',(44.6000011175871,45.1,30.));
#5018=CARTESIAN_POINT('',(105.400001117587,45.1,25.));
#5019=CARTESIAN_POINT('Origin',(44.6000011175871,39.5,30.));
#5020=CARTESIAN_POINT('',(44.6000011175871,39.5,25.));
#5021=CARTESIAN_POINT('',(44.6000011175871,39.5,30.));
#5022=CARTESIAN_POINT('',(44.6000011175871,45.1,25.));
#5023=CARTESIAN_POINT('Origin',(39.9000011175871,39.5,30.));
#5024=CARTESIAN_POINT('',(39.9000011175871,39.5,25.));
#5025=CARTESIAN_POINT('',(39.9000011175871,39.5,30.));
#5026=CARTESIAN_POINT('',(39.9000011175871,39.5,25.));
#5027=CARTESIAN_POINT('Origin',(39.9000011175871,-39.5,30.));
#5028=CARTESIAN_POINT('',(39.9000011175871,-39.5,25.));
#5029=CARTESIAN_POINT('',(39.9000011175871,-39.5,30.));
#5030=CARTESIAN_POINT('',(39.9000011175871,39.5,25.));
#5031=CARTESIAN_POINT('Origin',(44.6000011175871,-39.5,30.));
#5032=CARTESIAN_POINT('',(44.6000011175871,-39.5,25.));
#5033=CARTESIAN_POINT('',(44.6000011175871,-39.5,30.));
#5034=CARTESIAN_POINT('',(39.9000011175871,-39.5,25.));
#5035=CARTESIAN_POINT('Origin',(44.6000011175871,-45.1,30.));
#5036=CARTESIAN_POINT('',(44.6000011175871,-45.1,25.));
#5037=CARTESIAN_POINT('',(44.6000011175871,-45.1,30.));
#5038=CARTESIAN_POINT('',(44.6000011175871,-45.1,25.));
#5039=CARTESIAN_POINT('Origin',(105.400001117587,-45.1,30.));
#5040=CARTESIAN_POINT('',(105.400001117587,-45.1,25.));
#5041=CARTESIAN_POINT('',(105.400001117587,-45.1,30.));
#5042=CARTESIAN_POINT('',(44.6000011175871,-45.1,25.));
#5043=CARTESIAN_POINT('Origin',(105.400001117587,-39.5,30.));
#5044=CARTESIAN_POINT('',(105.400001117587,-39.5,25.));
#5045=CARTESIAN_POINT('',(105.400001117587,-39.5,30.));
#5046=CARTESIAN_POINT('',(105.400001117587,-45.1,25.));
#5047=CARTESIAN_POINT('Origin',(110.100001117587,-39.5,30.));
#5048=CARTESIAN_POINT('',(110.100001117587,-39.5,25.));
#5049=CARTESIAN_POINT('',(110.100001117587,-39.5,30.));
#5050=CARTESIAN_POINT('',(110.100001117587,-39.5,25.));
#5051=CARTESIAN_POINT('Origin',(110.100001117587,39.5,30.));
#5052=CARTESIAN_POINT('',(110.100001117587,-39.5,25.));
#5053=CARTESIAN_POINT('Origin',(75.0000011175871,0.,25.));
#5054=CARTESIAN_POINT('Origin',(107.650001117587,-41.75,30.));
#5055=CARTESIAN_POINT('',(109.400001117587,-41.75,33.));
#5056=CARTESIAN_POINT('Origin',(107.650001117587,-41.75,33.));
#5057=CARTESIAN_POINT('',(109.400001117587,-41.75,30.));
#5058=CARTESIAN_POINT('Origin',(107.650001117587,-41.75,33.));
#5059=CARTESIAN_POINT('Origin',(42.3500011175871,-41.75,30.));
#5060=CARTESIAN_POINT('',(44.1000011175871,-41.75,33.));
#5061=CARTESIAN_POINT('Origin',(42.3500011175871,-41.75,33.));
#5062=CARTESIAN_POINT('',(44.1000011175871,-41.75,30.));
#5063=CARTESIAN_POINT('Origin',(42.3500011175871,-41.75,33.));
#5064=CARTESIAN_POINT('Origin',(107.650001117587,41.75,30.));
#5065=CARTESIAN_POINT('',(109.400001117587,41.75,33.));
#5066=CARTESIAN_POINT('Origin',(107.650001117587,41.75,33.));
#5067=CARTESIAN_POINT('',(109.400001117587,41.75,30.));
#5068=CARTESIAN_POINT('Origin',(107.650001117587,41.75,33.));
#5069=CARTESIAN_POINT('Origin',(42.3500011175871,41.75,30.));
#5070=CARTESIAN_POINT('',(44.1000011175871,41.75,33.));
#5071=CARTESIAN_POINT('Origin',(42.3500011175871,41.75,33.));
#5072=CARTESIAN_POINT('',(44.1000011175871,41.75,30.));
#5073=CARTESIAN_POINT('Origin',(42.3500011175871,41.75,33.));
#5074=CARTESIAN_POINT('Origin',(112.0000016689,-20.,14.));
#5075=CARTESIAN_POINT('',(110.4500016689,-20.,14.1));
#5076=CARTESIAN_POINT('Origin',(112.0000016689,-20.,14.1));
#5077=CARTESIAN_POINT('',(110.4500016689,-20.,15.));
#5078=CARTESIAN_POINT('',(110.4500016689,-20.,14.));
#5079=CARTESIAN_POINT('Origin',(112.0000016689,-20.,15.));
#5080=CARTESIAN_POINT('Origin',(112.0000016689,-20.,15.));
#5081=CARTESIAN_POINT('Origin',(112.0000016689,20.,14.));
#5082=CARTESIAN_POINT('',(110.4500016689,20.,14.1));
#5083=CARTESIAN_POINT('Origin',(112.0000016689,20.,14.1));
#5084=CARTESIAN_POINT('',(110.4500016689,20.,15.));
#5085=CARTESIAN_POINT('',(110.4500016689,20.,14.));
#5086=CARTESIAN_POINT('Origin',(112.0000016689,20.,15.));
#5087=CARTESIAN_POINT('Origin',(112.0000016689,20.,15.));
#5088=CARTESIAN_POINT('Origin',(114.5,50.,0.));
#5089=CARTESIAN_POINT('',(114.5,50.,14.1));
#5090=CARTESIAN_POINT('',(99.5,50.,14.1));
#5091=CARTESIAN_POINT('',(113.25,50.,14.1));
#5092=CARTESIAN_POINT('',(99.5,50.,0.));
#5093=CARTESIAN_POINT('',(99.5,50.,7.));
#5094=CARTESIAN_POINT('',(34.5,50.,0.));
#5095=CARTESIAN_POINT('',(34.5,50.,0.));
#5096=CARTESIAN_POINT('',(34.5,50.,0.));
#5097=CARTESIAN_POINT('',(114.5,50.,0.));
#5098=CARTESIAN_POINT('Origin',(34.5,-50.,0.));
#5099=CARTESIAN_POINT('',(99.5,-50.,0.));
#5100=CARTESIAN_POINT('',(99.5,-50.,14.1));
#5101=CARTESIAN_POINT('',(99.5,-50.,7.));
#5102=CARTESIAN_POINT('',(114.5,-50.,14.1));
#5103=CARTESIAN_POINT('',(73.25,-50.,14.1));
#5104=CARTESIAN_POINT('',(114.5,-50.,0.));
#5105=CARTESIAN_POINT('',(34.5,-50.,0.));
#5106=CARTESIAN_POINT('',(34.5,-50.,0.));
#5107=CARTESIAN_POINT('',(34.5,-50.,0.));
#5108=CARTESIAN_POINT('Origin',(112.0000016689,20.,14.1));
#5109=CARTESIAN_POINT('',(124.5,-40.,14.1));
#5110=CARTESIAN_POINT('',(124.5,40.,14.1));
#5111=CARTESIAN_POINT('',(124.5,-20.,14.1));
#5112=CARTESIAN_POINT('Origin',(114.5,-40.,14.1));
#5113=CARTESIAN_POINT('',(99.5,-50.,14.1));
#5114=CARTESIAN_POINT('Origin',(114.5,40.,14.1));
#5115=CARTESIAN_POINT('Origin',(99.5,-50.,0.));
#5116=CARTESIAN_POINT('',(99.5,-25.,0.));
#5117=CARTESIAN_POINT('Origin',(114.5,-40.,0.));
#5118=CARTESIAN_POINT('',(124.5,-40.,0.));
#5119=CARTESIAN_POINT('Origin',(124.5,-40.,0.));
#5120=CARTESIAN_POINT('',(124.5,40.,0.));
#5121=CARTESIAN_POINT('Origin',(114.5,40.,0.));
#5122=CARTESIAN_POINT('Origin',(34.5,50.,0.));
#5123=CARTESIAN_POINT('',(34.5,25.,0.));
#5124=CARTESIAN_POINT('',(34.5,25.,5.));
#5125=CARTESIAN_POINT('',(34.5,25.,0.));
#5126=CARTESIAN_POINT('',(34.5,-25.,5.));
#5127=CARTESIAN_POINT('',(34.5,25.,5.));
#5128=CARTESIAN_POINT('',(34.5,-25.,0.));
#5129=CARTESIAN_POINT('',(34.5,-25.,0.));
#5130=CARTESIAN_POINT('',(34.5,0.,0.));
#5131=CARTESIAN_POINT('',(34.5,0.,0.));
#5132=CARTESIAN_POINT('Origin',(79.5,0.,30.));
#5133=CARTESIAN_POINT('Origin',(34.5,25.,0.));
#5134=CARTESIAN_POINT('',(0.,25.,0.));
#5135=CARTESIAN_POINT('',(0.,25.,0.));
#5136=CARTESIAN_POINT('',(0.,25.,5.));
#5137=CARTESIAN_POINT('',(0.,25.,0.));
#5138=CARTESIAN_POINT('',(0.,25.,5.));
#5139=CARTESIAN_POINT('Origin',(0.,-25.,0.));
#5140=CARTESIAN_POINT('',(0.,-25.,0.));
#5141=CARTESIAN_POINT('',(34.5,-25.,0.));
#5142=CARTESIAN_POINT('',(0.,-25.,5.));
#5143=CARTESIAN_POINT('',(34.5,-25.,5.));
#5144=CARTESIAN_POINT('',(0.,-25.,0.));
#5145=CARTESIAN_POINT('Origin',(0.,25.,0.));
#5146=CARTESIAN_POINT('',(0.,-25.,0.));
#5147=CARTESIAN_POINT('',(0.,-25.,5.));
#5148=CARTESIAN_POINT('Origin',(17.25,0.,5.));
#5149=CARTESIAN_POINT('Origin',(17.25,0.,0.));
#5150=UNCERTAINTY_MEASURE_WITH_UNIT(LENGTH_MEASURE(0.01),#5154,
'DISTANCE_ACCURACY_VALUE',
'Maximum model space distance between geometric entities at asserted c
onnectivities');
#5151=UNCERTAINTY_MEASURE_WITH_UNIT(LENGTH_MEASURE(0.01),#5154,
'DISTANCE_ACCURACY_VALUE',
'Maximum model space distance between geometric entities at asserted c
onnectivities');
#5152=(
GEOMETRIC_REPRESENTATION_CONTEXT(3)
GLOBAL_UNCERTAINTY_ASSIGNED_CONTEXT((#5150))
GLOBAL_UNIT_ASSIGNED_CONTEXT((#5154,#5156,#5157))
REPRESENTATION_CONTEXT('','3D')
);
#5153=(
GEOMETRIC_REPRESENTATION_CONTEXT(3)
GLOBAL_UNCERTAINTY_ASSIGNED_CONTEXT((#5151))
GLOBAL_UNIT_ASSIGNED_CONTEXT((#5154,#5156,#5157))
REPRESENTATION_CONTEXT('','3D')
);
#5154=(
LENGTH_UNIT()
NAMED_UNIT(*)
SI_UNIT(.MILLI.,.METRE.)
);
#5155=(
LENGTH_UNIT()
NAMED_UNIT(*)
SI_UNIT($,.METRE.)
);
#5156=(
NAMED_UNIT(*)
PLANE_ANGLE_UNIT()
SI_UNIT($,.RADIAN.)
);
#5157=(
NAMED_UNIT(*)
SI_UNIT($,.STERADIAN.)
SOLID_ANGLE_UNIT()
);
#5158=SHAPE_DEFINITION_REPRESENTATION(#5159,#5160);
#5159=PRODUCT_DEFINITION_SHAPE('',$,#5162);
#5160=SHAPE_REPRESENTATION('',(#3258),#5152);
#5161=PRODUCT_DEFINITION_CONTEXT('part definition',#5166,'design');
#5162=PRODUCT_DEFINITION('2026-09-22-22-40-03-959','chassiborrachudo',#5163,
#5161);
#5163=PRODUCT_DEFINITION_FORMATION('',$,#5168);
#5164=PRODUCT_RELATED_PRODUCT_CATEGORY('chassiborrachudo',
'chassiborrachudo',(#5168));
#5165=APPLICATION_PROTOCOL_DEFINITION('international standard',
'automotive_design',2009,#5166);
#5166=APPLICATION_CONTEXT(
'Core Data for Automotive Mechanical Design Process');
#5167=PRODUCT_CONTEXT('part definition',#5166,'mechanical');
#5168=PRODUCT('2026-09-22-22-40-03-959','chassiborrachudo',$,(#5167));
#5169=PRESENTATION_STYLE_ASSIGNMENT((#5170));
#5170=SURFACE_STYLE_USAGE(.BOTH.,#5171);
#5171=SURFACE_SIDE_STYLE('',(#5172));
#5172=SURFACE_STYLE_FILL_AREA(#5173);
#5173=FILL_AREA_STYLE('Steel - Satin',(#5174));
#5174=FILL_AREA_STYLE_COLOUR('Steel - Satin',#5175);
#5175=COLOUR_RGB('Steel - Satin',0.627450980392157,0.627450980392157,0.627450980392157);
ENDSEC;
END-ISO-10303-21;
